0,0,1,2,3,4,5,6,7,8,9,10,11,12,13,14,15,16,17,18,19,20,21,22,23,24,25,26,27,28,29,30,31,32,33,34,35,36,37,38,39,40,41,42,43,44,45,46,47,48,49,50,51,52,53,54,55,56,57,58,59,60,61,62,63,64,65,66,67,68,69,70,71,72,73,74,75,76,77,78,79,80,81,82,83,84,85,86,87,88,89,90,91,92,93,94,95,96,97,98
0,0,38552,84865,11916,49172,76435,20846,33153,41324,57003,70579,28266,33063,30065,42387,70843,84368,26738,14878,61375,13863,26764,62566,10401,89491,10819,92638,45540,46761,29984,61936,12453,38879,42107,49385,34716,46847,45031,92458,37653,20610,30097,70761,33840,74763,8252,21083,31198,84723,52268,103479,34866,45855,79265,7510,20526,11167,50292,24861,55381,11772,23661,33571,56060,54094,65501,71401,27745,86063,36075,53767,38485,12009,41813,85540,18181,19363,77010,34744,7840,38851,55157,64624,17538,62351,17694,23570,43593,15926,11414,41071,23488,42724,30778,27322,16786,84295,6519,34030
1,38552,0,119678,39197,11625,41207,18101,25212,26485,26090,32872,43104,50472,26093,9890,102710,121093,57238,27029,22855,31746,12400,26655,48792,52371,34383,54222,8424,10641,9166,25521,46062,66182,35807,26389,9314,8501,53333,57674,6575,20919,34267,32250,19469,36767,31317,51306,7625,118776,13717,71997,17353,8138,45776,40565,23080,33380,21811,14550,21718,50171,45618,39042,30059,16378,27206,35775,13166,123152,5470,35434,58735,48426,18639,121675,24429,37281,39387,3833,31047,9874,23208,30334,46631,25411,22252,17765,31958,28606,38704,5841,18056,9068,10135,11258,50120,49921,41501,42300
2,84865,119678,0,80591,127686,160205,102070,117675,106828,141547,146735,105845,74180,97945,125920,21102,13615,62532,99741,140722,87941,109901,136908,77445,172048,94465,169646,127791,124476,110524,144929,74270,55824,124920,116197,118469,128118,81765,176540,116142,98759,112372,150794,105557,156225,89718,68377,113506,4438,132488,188315,119677,125078,163654,80161,105390,86494,134956,105201,139321,73910,98679,114113,122280,136055,143592,154932,106643,17211,118900,113825,67019,73025,113213,9028,95249,82974,152367,115976,92443,122691,127119,136586,73047,138125,97667,101948,104463,91073,92375,123723,107982,120086,114309,109539,69915,168469,86005,84877
3,11916,39197,80591,0,48135,79660,21491,41101,34091,61543,68700,39812,21218,22616,45447,64471,81970,18684,22760,61041,7581,29511,59704,17980,91538,21622,91444,47214,45192,30031,64338,7498,29634,51438,43132,38163,47685,33186,96047,36322,18389,40221,70948,28504,75926,10377,12537,32925,79859,52383,108650,40688,45201,83357,5129,27603,5921,55216,24659,58897,16025,35551,44244,49954,55543,64508,74359,26404,84126,38338,45798,27158,11276,36877,82481,14917,8166,74880,35446,15285,42366,51071,60840,7891,60134,17076,21666,35140,10843,23169,43134,28678,40835,33977,28973,11001,88030,18251,22599
4,49172,11625,127686,48135,0,36904,28336,35687,26280,27577,21497,54505,55837,30624,16653,109802,129966,65210,38517,13035,40554,23886,15141,59539,45407,45832,43568,11053,3432,19194,21656,55380,72896,45170,21991,20144,7675,55904,52861,11828,29868,45308,23118,22911,29058,41480,59573,19122,126484,6123,69021,27510,3495,42674,50257,34704,42608,26037,24375,21983,60537,57222,49890,23102,12436,16444,31529,21892,132210,16518,31199,64074,58195,17519,130253,33256,44713,27991,14969,41961,18905,14053,19224,55031,13788,31967,26572,31445,37292,50185,13512,29676,7655,21714,22388,59131,45824,52631,46353
5,76435,41207,160205,79660,36904,0,58170,47750,63176,20443,32733,67678,91475,66525,34306,143777,160698,98100,62136,26798,72468,50331,39159,85713,15125,68847,34524,32810,40274,50119,15770,85989,107377,48602,57857,41863,33299,92720,16470,46161,61845,57310,20470,59096,13768,70605,92057,46744,159519,30839,32251,42449,38065,6907,80170,56570,73742,27191,55258,21053,88140,73484,59425,56676,25352,28506,5468,54343,162478,41321,66469,99759,87663,54424,161645,65317,78448,34699,44659,68600,37660,46788,43946,87354,35822,62606,58830,68271,69466,72369,36582,52965,43949,45972,50687,90297,8925,77329,82665
6,20846,18101,102070,21491,28336,58170,0,24638,25773,40398,49734,34023,36443,17613,24011,85779,103105,39996,13239,40711,14412,8393,41886,31232,70186,19428,71854,25817,25929,9184,42875,28063,49965,36500,31598,16967,26578,43122,74567,16841,5197,28794,50311,16679,54819,13248,33912,11436,101349,31706,87509,21215,25052,61961,22478,13233,15577,34351,4060,37468,32240,33819,33853,37731,34253,44706,52869,7287,105113,16849,38172,44323,30324,23081,103790,7861,21341,56171,14272,13940,21092,35113,44267,29210,41543,4469,4922,29937,11668,23743,21656,10535,21966,12826,7485,32238,66570,24779,30931
7,33153,25212,117675,41101,35687,47750,24638,0,47706,27307,54552,20719,59908,41866,19982,103984,116224,59140,18582,42771,36254,18285,50643,40432,62357,23226,72535,25795,35633,24733,36312,45074,70688,11963,50426,15899,28960,67694,62496,30257,29808,10371,49329,38722,50538,30726,53097,20483,117712,34606,71344,8203,32542,48960,39242,13515,35904,20642,25396,28128,43770,25835,14349,54930,32326,47902,43571,27831,117577,19743,58820,67268,45162,41851,117788,31835,44190,60798,23817,26276,16916,48405,54911,48765,48674,27919,28957,52690,34636,25820,22232,14119,34175,16418,20865,49578,54366,31790,55461
8,41324,26485,106828,34091,26280,63176,25773,47706,0,51859,40706,59795,32738,11519,36368,87553,111020,46359,38873,37791,27959,29509,30593,50804,70737,44187,63289,33448,22951,23007,47863,41356,51008,59518,9560,33774,31341,29983,79007,19910,22349,53957,47512,9203,54351,33330,41966,27581,105064,32381,95295,41449,25595,68921,38337,38725,30761,48229,23145,46798,49829,59286,59073,16214,38387,39043,57809,20120,113708,30645,12628,40473,45362,8783,110589,23540,27229,45857,25438,37206,35957,20528,29772,38312,32403,25686,20888,5483,25429,48175,32279,34905,19771,31597,26888,43658,72092,47140,22188
9,57003,26090,141547,61543,27577,20443,40398,27307,51859,0,36362,47394,75849,52104,16833,126014,141362,80213,42367,25119,54786,32094,37543,65874,35162,48796,48684,18411,30120,33695,12111,67335,90354,29262,49348,23442,20761,79418,35646,32354,44764,36972,26817,45534,25317,51885,74077,29446,141114,22226,47126,22359,26808,22286,61409,36714,55656,6837,38198,5731,68558,53068,39386,50602,15924,29724,16460,38168,142997,24120,58637,84016,68587,43331,142526,48057,61559,41304,28651,49243,19314,41094,42765,69399,34399,44853,42123,57319,52046,52158,20383,33596,32256,27616,33065,71765,27458,57369,68236
10,70579,32872,146735,68700,21497,32733,49734,54552,40706,36362,0,74569,73178,48798,34580,127971,149886,84781,59900,11996,61174,45262,10153,80966,33499,67246,22937,28881,23838,40650,24706,76100,91145,61964,32328,40326,26026,70083,44705,32959,50808,64750,12270,41265,19365,62757,79477,40483,145215,20129,63031,46476,24933,39640,71247,55807,63429,38812,45723,31257,81815,77960,68878,28353,22791,6859,29132,43010,152300,37137,38824,81098,79169,33542,149882,54053,64301,6514,36408,63446,37883,20271,12903,75112,8638,53169,47551,44447,57916,71576,32986,50831,28027,42665,43871,79603,40186,74128,62819
11,28266,43104,105845,39812,54505,67678,34023,20719,59795,47394,74569,0,60994,50823,40140,95074,102420,54159,21159,63021,38642,32302,69646,30101,82554,18378,93203,45697,53722,39068,56999,40260,66497,20887,65000,34442,48590,71972,81539,46488,37947,10466,69987,50669,71235,31346,48976,36423,106564,54447,88091,28281,51110,68067,35775,21426,36849,41002,36928,48757,34435,7239,9007,70584,52827,68082,63837,40258,103264,37987,72129,66742,38332,56247,104621,38087,46094,80938,40551,25764,36701,65773,73437,45763,68061,34821,38923,63846,38777,16889,41638,26073,51261,33024,34719,44149,73581,23147,60147
12,33063,50472,74180,21218,55837,91475,36443,59908,32738,75849,73178,60994,0,25215,59021,54834,79034,17637,42656,68606,23756,44710,63162,36687,101232,42700,95935,58882,52439,42162,75705,23247,18397,71086,42027,52908,58178,13861,107880,45343,31489,60662,78673,32932,84894,30314,16961,46481,72338,61371,122443,57622,53844,96245,25729,46604,24687,70299,37816,72057,33140,56725,64979,48124,66172,70763,86010,37703,81926,51732,40136,8285,27204,39751,78287,28609,15754,78536,47368,35816,56755,53197,62506,17090,64684,32384,33805,30333,25317,44385,55723,46185,48228,48967,43146,21788,100287,39186,10710
13,30065,26093,97945,22616,30624,66525,17613,41866,11519,52104,48798,50823,25215,0,35423,79460,101287,36197,29666,43446,16492,23918,39076,39342,76017,34032,71725,34334,27233,19054,50770,29953,42531,53820,20562,30598,33270,27421,82859,20398,12955,46369,53536,7747,59682,22296,31293,23873,96486,36181,97915,37098,28670,71561,26818,30783,19299,47241,16536,47800,38310,49444,51398,27379,41173,45830,61057,14787,103818,28473,23720,33466,33893,15371,101147,13006,16172,54541,23529,26688,33851,29602,39340,27326,40181,16002,12940,13641,14145,37755,31720,27971,23014,27309,21605,32489,75393,36084,16232
14,42387,9890,125920,45447,16653,34306,24011,19982,36368,16833,34580,40140,59021,35423,0,109788,126453,64006,28687,22888,38410,16025,31040,52039,47118,35847,53423,5902,17615,16862,19566,51684,73787,28578,35681,7674,9251,62820,50623,16458,28094,30180,30299,29203,32933,36303,57915,12742,125288,14654,63672,11907,14107,37953,45865,23486,39526,11955,21486,13457,54151,44096,34326,38569,12891,27980,29119,21334,128290,7325,44887,67201,53400,28368,127351,31465,44895,40866,11895,34552,3735,30436,35611,53213,28849,28477,25348,41844,35535,39813,4113,19194,17942,11685,16544,56005,42584,43957,51475
15,70843,102710,21102,64471,109802,143777,85779,103984,87553,126014,127971,95074,54834,79460,109788,0,31131,45806,85510,122779,71381,93954,117986,65218,154821,81231,150764,111023,106491,93678,128209,59105,36934,112528,96732,102614,110989,61231,160231,98579,81932,100108,132884,87186,138708,74345,51937,97118,18165,114942,173119,104857,107432,147741,65049,90989,70361,119665,88522,123243,61134,88229,102606,102578,119018,125290,138397,89547,34900,102570,93737,47191,58851,94462,28136,78462,65460,133370,99149,77899,106805,108032,117295,56619,119436,81311,84976,84777,74323,79922,107207,92894,102149,98428,93246,54590,152300,73287,65390
16,84368,121093,13615,81970,129966,160698,103105,116224,111020,141362,149886,102420,79034,101287,126453,31131,0,65121,99044,142944,89522,110486,140337,75829,173269,93097,172809,128910,126902,111945,145831,75045,60777,122359,120544,118844,129594,88303,176810,118209,100360,109906,152900,108653,157858,90200,70460,114445,18002,134353,187482,119125,127127,163633,80691,104720,87722,134624,106545,139658,72835,95180,111062,126920,137357,146204,155570,108370,3826,119707,119160,72692,73053,116658,4837,96879,85589,155783,117302,92165,123038,130846,140511,74943,141248,98846,103632,109260,92757,90467,124646,107841,122507,114768,110449,70992,168655,84471,89685
17,26738,57238,62532,18684,65210,98100,39996,59140,46359,80213,84781,54159,17637,36197,64006,45806,65121,0,40563,78243,25632,48148,75218,25154,109575,37557,107713,65449,62045,48117,82634,14292,12344,68753,55918,56808,65637,31122,114530,53615,36335,56835,88296,43533,93695,28766,6154,51375,61539,69955,127329,59285,62554,101952,19922,45798,24557,73901,42865,77464,20787,48391,60212,62510,73611,81268,92754,44144,67621,56820,55858,16994,15881,51559,65135,32834,20540,90662,53588,32868,60999,65793,75506,10814,76143,35533,39476,45357,28663,37472,61519,47279,57647,52622,47475,10043,106558,31016,26722
18,14878,27029,99741,22760,38517,62136,13239,18582,38873,42367,59900,21159,42656,29666,28687,85510,99044,40563,0,49572,19011,14640,53126,23577,75652,7373,80952,32691,36795,20216,48177,26504,52203,28700,44801,21110,34609,52135,77955,28263,16799,18095,58319,29875,61573,12513,34539,19418,99594,40401,88626,20081,35031,64653,20659,5678,18027,35594,16698,41147,26210,20587,22706,50821,41110,54149,57253,20134,100637,23300,51361,49529,26824,36205,100321,17045,26978,66414,23550,7695,24998,47432,56108,30273,52257,13665,18012,42746,18335,11676,28139,9532,33417,17672,16282,31014,69772,15286,40000
19,61375,22855,140722,61041,13035,26798,40711,42771,37791,25119,11996,63021,68606,43446,22888,122779,142944,78243,49572,0,53464,35105,13097,71642,32963,56944,31402,17423,16289,31537,14459,68214,85857,49967,31403,29180,14993,67766,41664,24736,42695,53045,10105,35700,16561,53954,72588,30396,139511,9182,58911,34788,15844,33334,62961,45073,55433,26947,36887,19708,72930,66750,57053,29877,10794,5170,21956,34676,145157,26342,39753,76799,70885,29371,143267,46131,57749,18042,26637,53902,26349,20004,18285,68030,9732,44590,39400,42509,50212,61185,21791,40221,20654,31977,34113,72043,35424,64312,58861
20,13863,31746,87941,7581,40554,72468,14412,36254,27959,54786,61174,38642,23756,16492,38410,71381,89522,25632,19011,53464,0,22702,52274,22851,84116,20393,83887,39864,37619,22585,57033,14927,35647,47331,36571,31344,40212,33390,88897,28741,10856,37100,63382,21456,68423,7332,19604,25746,87103,44832,101908,34712,37625,76363,10592,22866,2808,48643,17266,51863,22030,35646,41606,43366,48118,56931,67128,18849,91697,31194,40186,31020,18239,29790,89984,7359,8006,67384,28035,12877,35495,43841,53576,14908,52627,9944,14112,29836,3266,23236,35889,22870,33269,27175,21866,18580,80932,20205,21510
21,26764,12400,109901,29511,23886,50331,8393,18285,29509,32094,45262,32302,44710,23918,16025,93954,110486,48148,14640,35105,22702,0,38622,36786,62873,21985,66507,18777,22294,6896,35360,35658,58321,30213,33126,8660,20261,50650,66639,14259,13227,24875,44163,20453,47998,20295,42025,4778,109298,25923,79221,13296,20396,53852,29848,11177,23601,25968,7426,29427,38520,33894,29964,38382,27330,39578,45121,9547,112369,9316,41014,52659,37442,24366,111342,16226,29732,51776,8935,19036,12855,33626,41843,37335,37646,12796,11369,34418,20053,26316,14313,6245,19229,4477,2632,39985,58577,29219,38613
22,62566,26655,136908,59704,15141,39159,41886,50643,30593,37543,10153,69646,63162,39076,31040,117986,140337,75218,53126,13097,52274,38622,0,72962,42528,60336,32781,25147,16336,33142,27526,67171,81223,59544,22193,35270,21802,59937,52857,25111,42290,60403,19559,31713,27052,54525,70066,33937,135317,16756,70759,42440,18554,45904,62584,49639,54666,38202,37826,31899,73469,72263,64921,18625,21921,10749,34672,34821,142822,31659,29058,71030,70446,23720,140223,45364,54846,15468,29709,55805,33743,10118,5241,65802,3390,44919,39123,34295,49050,64721,28413,44601,19936,36787,36847,70485,47406,66622,52742
23,10401,48792,77445,17980,59539,85713,31232,40432,50804,65874,80966,30101,36687,39342,52039,65218,75829,25154,23577,71642,22851,36786,72962,0,99130,17268,102955,55532,57157,40344,71600,13439,37366,47608,59235,44377,56998,49949,101499,48052,30894,35081,80922,43810,84706,18512,21105,41342,77713,62506,111654,43523,56202,88151,12955,29177,20045,59069,35257,64713,4441,23695,37388,65979,64072,75832,80811,38143,77276,46039,63010,40225,9740,51930,77357,28254,26141,87403,45006,17768,48411,65454,74969,19607,72752,28063,33920,52551,25473,14942,51019,32880,53125,40597,37536,15803,93312,8645,40308
24,89491,52371,172048,91538,45407,15125,70186,62357,70737,35162,33499,82554,101232,76017,47118,154821,173269,109575,75652,32963,84116,62873,42528,99130,0,82612,24882,44368,48822,61531,27556,98247,118033,63712,63863,54793,43937,100720,12865,56254,73288,72135,23370,68317,16415,83099,103672,58824,171110,39934,31153,56501,47472,17809,92580,70228,85681,41715,66880,34702,101261,88179,74425,61132,35999,32220,18788,65430,175214,53593,71508,109478,100288,62327,173972,76799,89389,32523,56093,81663,50720,51882,46301,99001,39648,74503,70106,75353,80975,86329,48632,66250,53004,58721,62820,102405,13618,90934,91710
25,10819,34383,94465,21622,45832,68847,19428,23226,44187,48796,67246,18378,42700,34032,35847,81231,93097,37557,7373,56944,20393,21985,60336,17268,82612,0,88320,40015,44025,27270,55231,23273,49688,31401,50868,28351,41976,53622,84443,35346,21847,19282,65649,35527,68775,13061,31878,26763,94558,47774,94386,26448,42353,71034,18058,12397,18487,41967,23252,47978,20555,15491,22823,57122,48393,61520,64083,26649,94536,30656,56803,48743,22477,42472,94589,21025,27720,73760,30863,7605,32129,54320,63181,28159,59545,18503,23785,47549,20898,4391,35465,16824,40526,25021,23507,27583,76254,8637,41892
26,92638,54222,169646,91444,43568,34524,71854,72535,63289,48684,22937,93203,95935,71725,53423,150764,172809,107713,80952,31402,83887,66507,32781,102955,24882,88320,0,48474,46302,62675,37027,98793,113999,77539,54459,60303,46343,92068,37649,55344,73357,82903,23217,64203,23483,85040,102379,61792,168089,40584,55394,65020,46802,40134,93790,76338,86060,53551,67929,45337,104087,97507,86376,49517,40538,27148,34468,65434,175204,57675,59709,103761,101726,56433,172819,76680,87220,17446,57969,85249,57086,42763,33904,97985,31573,75535,70071,66638,80622,92535,52974,71552,50622,63315,65468,102390,37521,95709,85473
27,45540,8424,127791,47214,11053,32810,25817,25795,33448,18411,28881,45697,58882,34334,5902,111023,128910,65449,32691,17423,39864,18777,25147,55532,44368,40015,48474,0,12574,17348,17190,53879,74567,34424,31467,11830,3422,61375,49280,14111,29120,35896,25633,27379,29225,38796,59465,14487,126964,8814,63625,17642,9029,37363,48233,27884,41335,15440,22598,13554,57288,49326,40145,33675,8554,22408,27393,21533,130885,9494,40768,67149,55990,24964,129606,32616,45642,35241,11875,37805,9002,25055,29767,54773,22951,30152,26047,38912,36786,44153,4552,23191,13954,15038,18478,58045,41500,47772,50565
28,46761,10641,124476,45192,3432,40274,25929,35633,22951,30120,23838,53722,52439,27233,17615,106491,126902,62045,36795,16289,37619,22294,16336,57157,48822,44025,46302,12574,0,16946,24916,52503,69573,45701,19229,19789,9510,52493,56276,9121,27059,44889,26394,19507,32457,38919,56466,17639,123235,9439,72346,27578,3554,45969,47500,33357,39760,27969,21900,24654,57979,56036,49623,21104,15522,19324,34881,19186,129184,15987,28519,60669,55434,14172,127133,30381,41521,30249,13406,39739,19276,12924,19723,51958,15636,29338,23779,28178,34353,48406,13971,28322,4399,20705,20522,56170,49198,50501,42923
29,29984,9166,110524,30031,19194,50119,9184,24733,23007,33695,40650,39068,42162,19054,16862,93678,111945,48117,20216,31537,22585,6896,33142,40344,61531,27270,62675,17348,16946,0,34538,36934,57294,36511,26230,11559,17655,46420,66585,8076,11782,31765,41197,14226,45913,22418,42160,4858,109647,22576,80393,18603,15876,54392,31506,17728,24224,28385,5407,29993,41424,40270,36848,31535,25532,35529,44723,4478,114024,9615,34209,50355,39403,17475,112510,15286,28349,47115,5474,22807,14870,27254,35917,37478,32580,13139,8711,28115,19462,31661,13670,13013,13261,8661,4355,40963,58731,33554,34792
30,61936,25521,144929,64338,21656,15770,42875,36312,47863,12111,24706,56999,75705,50770,19566,128209,145831,82634,48177,14459,57033,35360,27526,71600,27556,55231,37027,17190,24916,34538,0,70880,91700,40511,43316,27240,17528,77142,32197,30394,46310,46557,14712,43385,14238,55631,76637,31450,144137,15533,47477,29574,22452,21066,65150,42834,58440,16541,39772,8357,73705,61974,49665,43101,9625,18380,10304,38684,147729,26127,52288,83989,72801,39080,146623,49803,62802,29307,29064,54107,23194,33181,32736,71941,24182,47262,43233,53087,53971,59063,21223,38731,28361,31170,35437,75107,24623,63463,66933
31,12453,46062,74270,7498,55380,85989,28063,45074,41356,67335,76100,40260,23247,29953,51684,59105,75045,14292,26504,68214,14927,35658,67171,13439,98247,23273,98793,53879,52503,36934,70880,0,26444,54478,50509,44201,54563,36581,102285,43552,25523,42547,78049,35997,82829,15455,8721,39440,73779,59442,114286,45794,52371,89389,5956,31904,12781,60821,31527,65059,10140,34921,45988,57329,62311,71793,80762,33538,77091,44762,52795,27190,4372,44370,75744,22129,14489,82310,42262,18835,48423,58569,68337,6183,67554,23809,28820,42068,18184,23418,49661,33892,48170,40047,35447,4517,94202,17206,27521
32,38879,66182,55824,29634,72896,107377,49965,70688,51008,90354,91145,66497,18397,42531,73787,36934,60777,12344,52203,85857,35647,58321,81223,37366,118033,49688,113999,74567,69573,57294,91700,26444,0,80675,60377,66932,74336,28317,123847,61781,45702,68931,95962,50253,101853,40000,17821,61045,54099,78112,137435,70186,70585,111650,31783,57217,35184,84283,52321,87174,32954,60726,72432,66519,82379,88362,101954,53033,63758,66484,58416,12175,28223,57607,59916,42326,28946,96655,62732,44551,71040,71355,80774,21931,82580,45526,48592,48729,38308,49773,70940,58206,65241,62783,57305,22352,116025,43350,29107
33,42107,35807,124920,51438,45170,48602,36500,11963,59518,29262,61964,20887,71086,53820,28578,112528,122359,68753,28700,49967,47331,30213,59544,47608,63712,31401,77539,34424,45701,36511,40511,54478,80675,0,61750,26671,37818,79416,61397,41430,41635,12548,54805,50607,54437,41208,62885,32062,125300,42894,67213,18543,42355,48106,48903,24509,46653,24006,37359,32223,51474,27853,11888,65855,39173,55124,45458,39760,123398,30425,70364,78176,53876,53328,124305,43477,55333,67846,35022,36198,26425,58624,64185,58804,57178,39567,40899,64568,46008,32694,31772,25965,44876,27993,32767,58882,53640,39272,67167
34,49385,26389,116197,43132,21991,57857,31598,50426,9560,49348,32328,65000,42027,20562,35681,96732,120544,55918,44801,31403,36571,33126,22193,59235,63863,50868,54459,31467,19229,26230,43316,50509,60377,61750,0,35124,28659,37761,73067,20333,29309,57994,40494,15592,47697,41194,51474,29978,114356,27951,90104,43223,22590,64043,47117,43579,39325,46886,28190,43868,58595,65386,63069,6822,34403,31682,52685,24791,123249,31485,9307,49555,54400,8773,120070,31231,36605,37023,26728,44415,36261,12151,20630,47735,24498,32610,27083,12182,33770,55069,31628,39144,17744,34018,30547,53006,66654,54833,31364
35,34716,9314,118469,38163,20144,41863,16967,15899,33774,23442,40326,34442,52908,30598,7674,102614,118844,56808,21110,29180,31344,8660,35270,44377,54793,28351,60303,11830,19789,11559,27240,44201,66932,26671,35124,0,14313,57907,58093,14791,21503,25178,37390,25494,40463,28771,50682,6725,117909,20235,70566,8131,16842,45222,38340,16096,32257,17440,15098,20865,46478,37644,29845,39221,20055,34061,36734,15855,120657,3844,43896,60963,45801,26857,119786,24697,38224,46775,8474,26880,4222,32507,39284,45994,33618,21414,19133,39096,28630,32414,7391,11583,18323,4186,9771,48566,50001,36346,46138
36,46847,8501,128118,47685,7675,33299,26578,28960,31341,20761,26026,48590,58178,33270,9251,110989,129594,65637,34609,14993,40212,20261,21802,56998,43937,41976,46343,3422,9510,17655,17528,54563,74336,37818,28659,14313,0,59925,49706,12875,29367,38945,23924,25992,28266,39762,59740,15658,127175,5924,64721,20767,6069,38322,49053,30084,41877,18500,23049,15485,58526,51958,43295,30521,8043,19769,27832,21495,131653,11349,37965,66463,56900,22680,130165,32876,45529,32463,12311,39229,12054,21717,26367,55076,19714,30753,26170,36753,37050,46201,6962,25230,11585,16986,19536,58618,42138,49471,49466
37,45031,53333,81765,33186,55904,92720,43122,67694,29983,79418,70083,71972,13861,27421,62820,61231,88303,31122,52135,67766,33390,50650,59937,49949,100720,53622,92068,61375,52493,46420,77142,36581,28317,79416,37761,57907,59925,0,108766,47268,37926,70167,77486,34000,84327,40634,30815,51189,79327,61899,124590,63946,54692,98165,38134,55117,35136,74661,43254,74923,46648,68455,74839,42649,67531,68945,87291,42052,91474,55893,32996,16180,40718,38490,86955,35946,25940,74684,50935,46232,61260,49839,58165,30558,62077,39851,39282,25656,33818,55954,59053,53581,48788,54417,48574,35542,101644,51435,12251
38,92458,57674,176540,96047,52861,16470,74567,62496,79007,35646,44705,81539,107880,82859,50623,160231,176810,114530,77955,41664,88897,66639,52857,101499,12865,84443,37649,49280,56276,66585,32197,102285,123847,61397,73067,58093,49706,108766,0,62541,78302,71432,33300,75362,25804,86865,108472,63157,175904,46904,18538,58002,54276,13539,96433,72323,90126,42477,71708,37228,104096,87787,72884,71153,41710,42158,21904,70813,178518,57720,81294,116165,103842,70323,177847,81768,94918,44634,61128,84646,53874,61491,57125,103769,49714,79014,75296,83958,85912,87769,53025,68972,60114,62238,67081,106624,8188,93012,98945
39,37653,6575,116142,36322,11828,46161,16841,30257,19910,32354,32959,46488,45343,20398,16458,98579,118209,53615,28263,24736,28741,14259,25111,48052,56254,35346,55344,14111,9121,8076,30394,43552,61781,41430,20333,14791,12875,47268,62541,0,18041,38473,34717,13269,40152,29799,47890,10157,115038,16376,77540,22894,8942,51168,38449,25422,30779,28350,12797,27665,48860,48111,43445,24706,20830,28258,40693,10091,120424,11202,29164,53628,46386,12196,118556,21430,33218,39364,6442,30715,16248,19369,27848,43309,24703,20225,14746,25385,25484,39737,12379,20497,5189,14001,12085,47322,55011,41518,36609
40,20610,20919,98759,18389,29868,61845,5197,29808,22349,44764,50808,37947,31489,12955,28094,81932,100360,36335,16799,42695,10856,13227,42290,30894,73288,21847,73357,29120,27059,11782,46310,25523,45702,41635,29309,21503,29367,37926,78302,18041,0,33504,52568,13773,57567,12385,30386,15353,97866,33993,91764,26318,26850,65957,20445,17933,12743,38942,6619,41472,31180,36976,38500,35803,37297,46298,56468,8022,102507,20783,34958,39479,28376,21324,100840,3510,16804,57121,17253,15107,25483,34562,44092,25712,42363,3346,3297,25970,7686,25902,25288,15690,22784,17493,11738,29380,70401,25614,25733
41,30097,34267,112372,40221,45308,57310,28794,10371,53957,36972,64750,10466,60662,46369,30180,100108,109906,56835,18095,53045,37100,24875,60403,35081,72135,19282,82903,35896,44889,31765,46557,42547,68931,12548,57994,25178,38945,70167,71432,38473,33504,0,59700,44760,60795,30363,51110,28326,112756,44705,78802,18275,42020,57919,37190,15586,35977,30540,30832,38299,38999,16365,5117,63078,42673,58156,53399,33868,111000,28916,65809,67308,41644,49241,111802,34575,45045,71046,32203,24978,26913,57373,64462,47241,58603,30834,33642,58516,36348,20200,32070,19066,42898,24531,27476,46864,63411,26821,57983
42,70761,32250,150794,70948,23118,20470,50311,49329,47512,26817,12270,69987,78673,53536,30299,132884,152900,88296,58319,10105,63382,44163,19559,80922,23370,65649,23217,25633,26394,41197,14712,78049,95962,54805,40494,37390,23924,77486,33300,34717,52568,59700,0,45788,7497,63552,82605,39582,149603,18622,51312,41811,25781,27375,72699,53485,65278,30831,46591,22658,82415,74331,63246,37981,17414,8927,16982,44546,155074,35046,48266,86850,80600,39268,153273,56031,67820,15195,36081,63153,33996,28551,23917,78026,16465,54322,49283,52027,60142,69781,30183,48825,30753,40651,43439,81946,28146,73333,68851
43,33840,19469,105557,28504,22911,59096,16679,38722,9203,45534,41265,50669,32932,7747,29203,87186,108653,43533,29875,35700,21456,20453,31713,43810,68317,35527,64203,27379,19507,14226,43385,35997,50253,50607,15592,25494,25992,34000,75362,13269,13773,44760,45788,0,51964,25624,38359,18993,104152,28557,90713,32827,21092,64308,32046,29530,24121,41155,13941,40931,43427,50395,49875,22220,33762,38117,53635,10967,111115,22754,21493,41163,39621,8373,108616,15662,23135,47135,17555,28873,28183,22624,32410,34148,32630,17104,11869,13967,18463,39648,25277,25718,15340,22888,17857,39005,67994,39241,23583
44,74763,36767,156225,75926,29058,13768,54819,50538,54351,25317,19365,71235,84894,59682,32933,138708,157858,93695,61573,16561,68423,47998,27052,84706,16415,68775,23483,29225,32457,45913,14238,82829,101853,54437,47697,40463,28266,84327,25804,40152,57567,60795,7497,51964,0,67944,87875,43663,155176,23776,43844,43636,31275,20609,77297,56419,70138,30636,51313,22551,86514,76139,63873,45414,20672,16371,11601,49610,159917,38693,55648,93126,85118,45913,158404,61069,73366,20930,40570,67012,36661,35878,31391,83236,23926,59020,54330,59027,65231,72740,33700,52047,36686,44114,47630,86876,20822,76799,75308
45,8252,31317,89718,10377,41480,70605,13248,30726,33330,51885,62757,31346,30314,22296,36303,74345,90200,28766,12513,53954,7332,20295,54525,18512,83099,13061,85040,38796,38919,22418,55631,15455,40000,41208,41194,28771,39762,40634,86865,29799,12385,30363,63552,25624,67944,0,22630,24309,89230,44952,98874,30537,38250,73937,9568,17226,5638,45398,17111,49636,19063,28349,34677,47842,47309,57894,65414,19767,92115,29512,45868,37028,17194,33562,91048,9964,14861,69146,27483,5606,32991,46947,56459,18136,54432,9613,15423,35928,8290,16008,34467,18551,34785,24635,20323,19883,78768,13817,28833
46,21083,51306,68377,12537,59573,92057,33912,53097,41966,74077,79477,48976,16961,31293,57915,51937,70460,6154,34539,72588,19604,42025,70066,21105,103672,31878,102379,59465,56466,42160,76637,8721,17821,62885,51474,50682,59740,30815,108472,47890,30386,51110,82605,38359,87875,22630,0,45315,67499,64178,121187,53137,56831,95850,13982,39712,18425,67751,36867,71371,17035,43543,54653,58180,67684,75751,86726,38272,72824,50752,52213,19166,11382,46545,70679,26877,15224,85459,47622,26853,54879,60845,70609,4703,70845,29458,33571,41532,22700,32139,55485,41129,52068,46496,41397,5311,100483,25887,24094
47,31198,7625,113506,32925,19122,46744,11436,20483,27581,29446,40483,36423,46481,23873,12742,97118,114445,51375,19418,30396,25746,4778,33937,41342,58824,26763,61792,14487,17639,4858,31450,39440,61045,32062,29978,6725,15658,51189,63157,10157,15353,28326,39582,18993,43663,24309,45315,0,112777,21221,76410,13876,15629,50653,33757,15717,27014,23842,8757,26152,42902,38413,33319,34776,23007,34821,41434,9138,116404,5453,38349,54605,41502,21368,115184,18727,32157,46998,4233,23574,10283,29350,37286,40612,32895,15862,12689,32788,22816,31094,10226,10685,14842,4075,3996,43657,55187,33917,39461
48,84723,118776,4438,79859,126484,159519,101349,117712,105064,141114,145215,106564,72338,96486,125288,18165,18002,61539,99594,139511,87103,109298,135317,77713,171110,94558,168089,126964,123235,109647,144137,73779,54099,125300,114356,117909,127175,79327,175904,115038,97866,112756,149603,104152,155176,89230,67499,112777,0,131409,188022,119415,123957,163130,79710,105212,85779,134585,104367,138723,74026,99448,114683,120331,135151,142251,154208,105680,21635,118197,111673,64951,72788,111672,13464,94360,81822,150754,115114,92191,122128,125452,134837,72195,136630,96916,101016,102510,90185,92654,122970,107622,118857,113734,108832,69358,167870,86195,82994
49,52268,13717,132488,52383,6123,30839,31706,34606,32381,22226,20129,54447,61371,36181,14654,114942,134353,69955,40401,9182,44832,25923,16756,62506,39934,47774,40584,8814,9439,22576,15533,59442,78112,42894,27951,20235,5924,61899,46904,16376,33993,44705,18622,28557,23776,44952,64178,21221,131409,0,62913,26456,7539,36554,54077,35971,46679,21716,27969,16517,63869,57880,48956,28473,6512,13850,25441,25983,136495,17224,37073,69638,61979,23608,134793,37474,49593,26548,17527,44753,17795,18868,21669,59562,14285,35700,30721,37566,41608,52027,12867,31083,13234,22844,24970,63372,39764,55133,52114
50,103479,71997,188315,108650,69021,32251,87509,71344,95295,47126,63031,88091,122443,97915,63672,173119,187482,127329,88626,58911,101908,79221,70759,111654,31153,94386,55394,63625,72346,80393,47477,114286,137435,67213,90104,70566,64721,124590,18538,77540,91764,78802,51312,90713,43844,98874,121187,76410,188022,62913,0,68637,69922,26425,108338,82957,102773,53477,85159,50406,114737,94933,79101,88734,57066,60010,37516,84805,188899,70994,98656,130686,115291,86519,188904,95110,108567,63165,75093,95872,66416,78911,75229,116516,67521,91969,88998,100451,99136,97164,66748,80405,75832,74743,80130,118750,23487,103016,114143
51,34866,17353,119677,40688,27510,42449,21215,8203,41449,22359,46476,28281,57622,37098,11907,104857,119125,59285,20081,34788,34712,13296,42440,43523,56501,26448,65020,17642,27578,18603,29574,45794,70186,18543,43223,8131,20767,63946,58002,22894,26318,18275,41811,32827,43636,30537,53137,13876,119415,26456,68637,0,24412,44628,39837,14405,35005,15546,20710,21807,46290,32579,22528,47345,24555,39887,37814,22409,120706,11917,51919,65406,46655,34870,120387,29014,42266,52773,16507,27235,8715,40429,46733,48566,40478,25266,24663,46664,32484,29922,14034,12010,26408,9946,15493,50293,49814,35010,51891
52,45855,8138,125078,45201,3495,38065,25052,32542,25595,26808,24933,51110,53844,28670,14107,107432,127127,62554,35031,15844,37625,20396,18554,56202,47472,42353,46802,9029,3554,15876,22452,52371,70585,42355,22590,16842,6069,54692,54276,8942,26850,42020,25781,21092,31275,38250,56831,15629,123957,7539,69922,24412,0,43499,47150,31212,39589,24446,21141,21446,57287,53750,46664,24657,12861,19654,32619,18833,129323,13143,31896,62115,55081,16847,127493,30287,42135,31437,11489,38577,15950,16344,22441,52245,17283,28802,23555,30945,34377,46701,10583,26182,5910,18248,18937,56202,46981,49210,44673
53,79265,45776,163654,83357,42674,6907,61961,48960,68921,22286,39640,68067,96245,71561,37953,147741,163633,101952,64653,33334,76363,53852,45904,88151,17809,71034,40134,37363,45969,54392,21066,89389,111650,48106,64043,45222,38322,98165,13539,51168,65957,57919,27375,64308,20609,73937,95850,50653,163130,36554,26425,44628,43499,0,83494,58999,77440,29081,59337,24503,90842,74266,59471,63166,30641,35311,11407,58743,165281,45201,72804,104510,90781,60139,164760,69372,82710,41524,49009,71486,41005,53240,50753,91152,42548,66429,63071,74119,73469,74301,40724,55817,49409,49401,54496,93778,5535,79627,87777
54,7510,40565,80161,5129,50257,80170,22478,39242,38337,61409,71247,35775,25729,26818,45865,65049,80691,19922,20659,62961,10592,29848,62584,12955,92580,18058,93790,48233,47500,31506,65150,5956,31783,48903,47117,38340,49053,38134,96433,38449,20445,37190,72699,32046,77297,9568,13982,33757,79710,54077,108338,39837,47150,83494,0,25992,7966,54878,26108,59205,11495,31061,40881,53923,56712,66701,74970,28365,82653,39023,50321,30976,7937,40368,81495,17228,13268,77541,36742,12966,42559,54354,64059,10102,62776,18379,23721,39758,13650,18920,43955,27938,43229,34202,29761,10459,88336,13459,27720
55,20526,23080,105390,27603,34704,56570,13233,13515,38725,36714,55807,21426,46604,30783,23486,90989,104720,45798,5678,45073,22866,11177,49639,29177,70228,12397,76338,27884,33357,17728,42834,31904,57217,24509,43579,16096,30084,55117,72323,25422,17933,15586,53485,29530,56419,17226,39712,15717,105212,35971,82957,14405,31212,58999,25992,0,22399,29930,15627,35632,31885,22722,20625,49183,36144,49811,51743,18886,106304,18747,50871,53830,32425,34822,105999,19227,30852,62311,19951,13092,19758,44792,52985,35315,48491,15388,18120,43098,21511,16334,23365,5037,30405,13149,13417,36422,64138,20761,42873
56,11167,33380,86494,5921,42608,73742,15577,35904,30761,55656,63429,36849,24687,19299,39526,70361,87722,24557,18027,55433,2808,23601,54666,20045,85681,18487,86060,41335,39760,24224,58440,12781,35184,46653,39325,32257,41877,35136,90126,30779,12743,35977,65278,24121,70138,5638,18425,27014,85779,46679,102773,35005,39589,77440,7966,22399,0,49366,18829,52976,19311,33495,40315,46111,49697,59030,68446,20757,89822,32421,42994,31523,15779,32421,88303,9382,9257,69687,29606,11211,36456,46388,56095,13743,54922,11183,16040,32631,5686,21011,37229,23023,35447,28071,23055,16740,82109,17586,23515
57,50292,21811,134956,55216,26037,27191,34351,20642,48229,6837,38812,41002,70299,47241,11955,119665,134624,73901,35594,26947,48643,25968,38202,59069,41715,41967,53551,15440,27969,28385,16541,60821,84283,24006,46886,17440,18500,74661,42477,28350,38942,30540,30831,41155,30636,45398,67751,23842,134585,21716,53477,15546,24446,29081,54878,29930,49366,0,32489,8218,61800,46467,33299,49021,16414,31967,22930,32850,136232,18796,56178,78385,61952,40044,135831,42127,55655,44354,23743,42567,13559,40053,43273,63097,35350,38763,36495,53711,46018,45320,15974,26975,29246,21526,27206,65277,34289,50549,63169
58,24861,14550,105201,24659,24375,55258,4060,25396,23145,38198,45723,36928,37816,16536,21486,88522,106545,42865,16698,36887,17266,7426,37826,35257,66880,23252,67929,22598,21900,5407,39772,31527,52321,37359,28190,15098,23049,43254,71708,12797,6619,30832,46591,13941,51313,17111,36867,8757,104367,27969,85159,20710,21141,59337,26108,15627,18829,32489,0,34853,36162,37240,35944,34125,30884,40783,49895,3436,108618,14168,35247,45899,34015,19528,107128,10059,23409,52149,10787,17996,18966,31134,40229,32174,37500,7733,4049,27714,14209,27606,18685,11841,17908,11266,5384,35570,63793,28832,31271
59,55381,21718,139321,58897,21983,21053,37468,28128,46798,5731,31257,48757,72057,47800,13457,123243,139658,77464,41147,19708,51863,29427,31899,64713,34702,47978,45337,13554,24654,29993,8357,65059,87174,32223,43868,20865,15485,74923,37228,27665,41472,38299,22658,40931,22551,49636,71371,26152,138723,16517,50406,21807,21446,24503,59205,35632,52976,8218,34853,0,67092,53897,41323,44939,10193,24499,16111,34399,141426,20701,53134,80289,66641,38164,140640,44876,58248,36521,24692,47546,16647,35385,37107,66670,28800,41933,38629,52226,48967,51638,16342,31917,27067,25012,29996,69408,29150,56387,64016
60,11772,50171,73910,16025,60537,88140,32240,43770,49829,68558,81815,34435,33140,38310,54151,61134,72835,20787,26210,72930,22030,38520,73469,4441,101261,20555,104087,57288,57979,41424,73705,10140,32954,51474,58595,46478,58526,46648,104096,48860,31180,38999,82415,43427,86514,19063,17035,42902,74026,63869,114737,46290,57287,90842,11495,31885,19311,61800,36162,67092,0,28114,41525,65394,65842,76939,83136,38809,74438,47835,61752,36201,5939,51701,74166,28224,23988,88192,46347,19599,50601,65542,75183,16097,73462,28647,34356,51136,24966,18799,52831,35175,53821,42550,38990,11730,95922,12208,37603
61,23661,45618,98679,35551,57222,73484,33819,25835,59286,53068,77960,7239,56725,49444,44096,88229,95180,48391,20587,66750,35646,33894,72263,23695,88179,15491,97507,49326,56036,40270,61974,34921,60726,27853,65386,37644,51958,68455,87787,48111,36976,16365,74331,50395,76139,28349,43543,38413,99448,57880,94933,32579,53750,74266,31061,22722,33495,46467,37240,53897,28114,0,16083,71354,56969,71691,69397,40669,96026,40876,71844,61903,32513,56766,97392,36448,42540,84418,42642,23065,40476,67471,75698,40734,70970,33675,38528,62877,36364,12506,45019,27733,53124,35508,36044,38508,79749,17760,57010
62,33571,39042,114113,44244,49890,59425,33853,14349,59073,39386,68878,9007,64979,51398,34326,102606,111062,60212,22706,57053,41606,29964,64921,37388,74425,22823,86376,40145,49623,36848,49665,45988,72432,11888,63069,29845,43295,74839,72884,43445,38500,5117,63246,49875,63873,34677,54653,33319,114683,48956,79101,22528,46664,59471,40881,20625,40315,33299,35944,41323,41525,16083,0,68093,46505,62199,55837,38985,111989,33636,70919,71399,44702,54323,113154,39448,49481,75093,37127,29167,31242,62214,69094,50982,63005,35759,38719,63620,41038,22912,36514,24183,47781,29463,32572,50180,65000,29563,62702
63,56060,30059,122280,49954,23102,56676,37731,54930,16214,50602,28353,70584,48124,27379,38569,102578,126920,62510,50821,29877,43366,38382,18625,65979,61132,57122,49517,33675,21104,31535,43101,57329,66519,65855,6822,39221,30521,42649,71153,24706,35803,63078,37981,22220,45414,47842,58180,34776,120331,28473,88734,47345,24657,63166,53923,49183,46111,49021,34125,44939,65394,71354,68093,0,34964,29056,51762,30690,129675,35434,10472,55400,61222,14651,126347,37881,43385,32259,31125,50873,39732,9946,15743,54500,21523,39063,33403,17822,40532,61380,34700,44548,21004,38700,35890,59798,65257,61399,37415
64,54094,16378,136055,55543,12436,25352,34253,32326,38387,15924,22791,52827,66172,41173,12891,119018,137357,73611,41110,10794,48118,27330,21921,64072,35999,48393,40538,8554,15522,25532,9625,62311,82379,39173,34403,20055,8043,67531,41710,20830,37297,42673,17414,33762,20672,47309,67684,23007,135151,6512,57066,24555,12861,30641,56712,36144,49697,16414,30884,10193,65842,56969,46505,34964,0,15950,19885,29491,139362,18035,43561,74457,64497,29608,137999,40807,53559,28738,20096,46355,16582,25282,27078,63008,18968,38529,34135,43674,44984,52469,13054,31583,18771,23520,26986,66431,34235,56258,57318
65,65501,27206,143592,64508,16444,28506,44706,47902,39043,29724,6859,68082,70763,45830,27980,125290,146204,81268,54149,5170,56931,39578,10749,75832,32220,61520,27148,22408,19324,35529,18380,71793,88362,55124,31682,34061,19769,68945,42158,28258,46298,58156,8927,38117,16371,57894,75751,34821,142251,13850,60010,39887,19654,35311,66701,49811,59030,31967,40783,24499,76939,71691,62199,29056,15950,0,24228,38335,148502,31065,39343,78861,74638,31075,146390,49664,60728,12895,30899,58158,31384,19661,15443,71266,7556,48406,43004,43377,53666,65802,26675,44900,23706,36671,38407,75491,36665,68697,60716
66,71401,35775,154932,74359,31529,5468,52869,43571,57809,16460,29132,63837,86010,61057,29119,138397,155570,92754,57253,21956,67128,45121,34672,80811,18788,64083,34468,27393,34881,44723,10304,80762,101954,45458,52685,36734,27832,87291,21904,40693,56468,53399,16982,53635,11601,65414,86726,41434,154208,25441,37516,37814,32619,11407,74970,51743,68446,22930,49895,16111,83136,69397,55837,51762,19885,24228,0,48923,157392,36032,61407,94294,82519,49044,156463,59948,73036,31937,39257,63560,32559,41834,39618,82024,31295,57292,53431,62939,64105,67709,31240,47978,38510,40803,45394,85044,14363,72498,77201
67,27745,13166,106643,26404,21892,54343,7287,27831,20120,38168,43010,40258,37703,14787,21334,89547,108370,44144,20134,34676,18849,9547,34821,38143,65430,26649,65434,21533,19186,4478,38684,33538,53033,39760,24791,15855,21495,42052,70813,10091,8022,33868,44546,10967,49610,19767,38272,9138,105680,25983,84805,22409,18833,58743,28365,18886,20757,32850,3436,34399,38809,40669,38985,30690,29491,38335,48923,0,110528,14094,32017,45908,36302,16105,108821,11490,24117,49383,9734,21165,19317,27829,37039,33626,34664,10162,4738,24906,15630,30990,18058,14802,15018,12541,7018,37400,63011,32003,30347
68,86063,123152,17211,84126,132210,162478,105113,117577,113708,142997,152300,103264,81926,103818,128290,34900,3826,67621,100637,145157,91697,112369,142822,77276,175214,94536,175204,130885,129184,114024,147729,77091,63758,123398,123249,120657,131653,91474,178518,120424,102507,111000,155074,111115,159917,92115,72824,116404,21635,136495,188899,120706,129323,165281,82653,106304,89822,136232,108618,141426,74438,96026,111989,129675,139362,148502,157392,110528,0,121624,122063,75753,74930,119180,8209,99043,88006,158249,119347,93887,124837,133407,143102,77245,143665,100900,105791,112073,94946,91772,126582,109551,124795,116610,112409,73127,170350,85899,92538
69,36075,5470,118900,38338,16518,41321,16849,19743,30645,24120,37137,37987,51732,28473,7325,102570,119707,56820,23300,26342,31194,9316,31659,46039,53593,30656,57675,9494,15987,9615,26127,44762,66484,30425,31485,3844,11349,55893,57720,11202,20783,28916,35046,22754,38693,29512,50752,5453,118197,17224,70994,11917,13143,45201,39023,18747,32421,18796,14168,20701,47835,40876,33636,35434,18035,31065,36032,14094,121624,0,40366,59896,46695,23374,120500,24174,37578,43625,5229,28321,5433,28667,35563,46049,30145,21294,18024,36042,28269,34860,4996,13881,14496,5640,9365,49018,49738,38299,44375
70,53767,35434,113825,45798,31199,66469,38172,58820,12628,58637,38824,72129,40136,23720,44887,93737,119160,55858,51361,39753,40186,41014,29058,63010,71508,56803,59709,40768,28519,34209,52288,52795,58416,70364,9307,43896,37965,32996,81294,29164,34958,65809,48266,21493,55648,45868,52213,38349,111673,37073,98656,51919,31896,72804,50321,50871,42994,56178,35247,53134,61752,71844,70919,10472,43561,39343,61407,32017,122063,40366,0,46812,56965,17049,118318,36146,38350,42587,35430,49831,45302,19803,26147,49063,31860,38300,33348,10753,37841,60803,40810,46766,26983,42424,38386,54607,75170,59686,29570
71,38485,58735,67019,27158,64074,99759,44323,67268,40473,84016,81098,66742,8285,33466,67201,47191,72692,16994,49529,76799,31020,52659,71030,40225,109478,48743,103761,67149,60669,50355,83989,27190,12175,78176,49555,60963,66463,16180,116165,53628,39479,67308,86850,41163,93126,37028,19166,54605,64951,69638,130686,65406,62115,104510,30976,53830,31523,78385,45899,80289,36201,61903,71399,55400,74457,78861,94294,45908,75753,59896,46812,0,30484,47800,71621,36463,23176,86331,55597,42329,64863,60998,70148,21184,72659,40141,41916,37590,32938,49896,63950,53782,56479,56973,51192,24473,108568,44149,18289
72,12009,48426,73025,11276,58195,87663,30324,45162,45362,68587,79169,38332,27204,33893,53400,58851,73053,15881,26824,70885,18239,37442,70446,9740,100288,22477,101726,55990,55434,39403,72801,4372,28223,53876,54400,45801,56900,40718,103842,46386,28376,41644,80600,39621,85118,17194,11382,41502,72788,61979,115291,46655,55081,90781,7937,32425,15779,61952,34015,66641,5939,32513,44702,61222,64497,74638,82519,36302,74930,46695,56965,30484,0,47983,74004,25125,18755,85449,44597,19419,50004,62080,71816,10161,70684,26295,31656,46260,21415,21812,51658,34992,51156,41715,37514,6110,95712,15234,31879
73,41813,18639,113213,36877,17519,54424,23081,41851,8783,43331,33542,56247,39751,15371,28368,94462,116658,51559,36205,29371,29790,24366,23720,51930,62327,42472,56433,24964,14172,17475,39080,44370,57607,53328,8773,26857,22680,38490,70323,12196,21324,49241,39268,8373,45913,33562,46545,21368,111672,23608,86519,34870,16847,60139,40368,34822,32421,40044,19528,38164,51701,56766,54323,14651,29608,31075,49044,16105,119180,23374,17049,47800,47983,0,116508,23678,31334,39188,18385,36309,28433,14309,24091,42418,24975,24523,18787,14098,26742,46737,24254,30370,11097,25435,21780,47345,63343,46933,29643
74,85540,121675,9028,82481,130253,161645,103790,117788,110589,142526,149882,104621,78287,101147,127351,28136,4837,65135,100321,143267,89984,111342,140223,77357,173972,94589,172819,129606,127133,112510,146623,75744,59916,124305,120070,119786,130165,86955,177847,118556,100840,111802,153273,108616,158404,91048,70679,115184,13464,134793,188904,120387,127493,164760,81495,105999,88303,135831,107128,140640,74166,97392,113154,126347,137999,146390,156463,108821,8209,120500,118318,71621,74004,116508,0,97341,85672,155688,117909,93282,123996,130613,140216,75247,141245,99472,104089,108604,93190,92137,125406,108944,122734,115674,111191,71568,169715,85998,88984
75,18181,24429,95249,14917,33256,65317,7861,31835,23540,48057,54053,38087,28609,13006,31465,78462,96879,32834,17045,46131,7359,16226,45364,28254,76799,21025,76680,32616,30381,15286,49803,22129,42326,43477,31231,24697,32876,35946,81768,21430,3510,34575,56031,15662,61069,9964,26877,18727,94360,37474,95110,29014,30287,69372,17228,19227,9382,42127,10059,44876,28224,36448,39448,37881,40807,49664,59948,11490,99043,24174,36146,36463,25125,23678,97341,0,13527,60324,20754,13741,28748,37326,46959,22202,45558,3916,6752,26559,4177,24794,28745,17800,26064,20610,14992,25917,73850,23670,23695
76,19363,37281,82974,8166,44713,78448,21341,44190,27229,61559,64301,46094,15754,16172,44895,65460,85589,20540,26978,57749,8006,29732,54846,26141,89389,27720,87220,45642,41521,28349,62802,14489,28946,55333,36605,38224,45529,25940,94918,33218,16804,45045,67820,23135,73366,14861,15224,32157,81822,49593,108567,42266,42135,82710,13268,30852,9257,55655,23409,58248,23988,42540,49481,43385,53559,60728,73036,24117,88006,37578,38350,23176,18755,31334,85672,13527,0,70250,33792,20458,42260,45640,55412,11154,55664,17040,19645,27607,9782,30033,41994,30606,37125,34135,28501,16429,87080,25868,14669
77,77010,39387,152367,74880,27991,34699,56171,60798,45857,41304,6514,80938,78536,54541,40866,133370,155783,90662,66414,18042,67384,51776,15468,87403,32523,73760,17446,35241,30249,47115,29307,82310,96655,67846,37023,46775,32463,74684,44634,39364,57121,71046,15195,47135,20930,69146,85459,46998,150754,26548,63165,52773,31437,41524,77541,62311,69687,44354,52149,36521,88192,84418,75093,32259,28738,12895,31937,49383,158249,43625,42587,86331,85449,39188,155688,60324,70250,0,42917,69919,44236,25341,16543,81151,14765,59545,53881,49204,64135,78090,39416,57340,34372,49166,50374,85738,41205,80618,68045
78,34744,3833,115976,35446,14969,44659,14272,23817,25438,28651,36408,40551,47368,23529,11895,99149,117302,53588,23550,26637,28035,8935,29709,45006,56093,30863,57969,11875,13406,5474,29064,42262,62732,35022,26728,8474,12311,50935,61128,6442,17253,32203,36081,17555,40570,27483,47622,4233,115114,17527,75093,16507,11489,49009,36742,19951,29606,23743,10787,24692,46347,42642,37127,31125,20096,30899,39257,9734,119347,5229,35430,55597,44597,18385,117909,20754,33792,42917,0,27280,10635,25255,33062,42936,28713,18455,14175,30822,24929,35216,8356,14918,10734,7671,7507,46345,53295,37804,39593
79,7840,31047,92443,15285,41961,68600,13940,26276,37206,49243,63446,25764,35816,26688,34552,77899,92165,32868,7695,53902,12877,19036,55805,17768,81663,7605,85249,37805,39739,22807,54107,18835,44551,36198,44415,26880,39229,46232,84646,30715,15107,24978,63153,28873,67012,5606,26853,23574,92191,44753,95872,27235,38577,71486,12966,13092,11211,42567,17996,47546,19599,23065,29167,50873,46355,58158,63560,21165,93887,28321,49831,42329,19419,36309,93282,13741,20458,69919,27280,0,31010,48966,58197,22633,55374,11811,17548,40289,13300,11067,33312,15676,35872,22965,19788,23350,76489,10840,34386
80,38851,9874,122691,42366,18905,37660,21092,16916,35957,19314,37883,36701,56755,33851,3735,106805,123038,60999,24998,26349,35495,12855,33743,48411,50720,32129,57086,9002,19276,14870,23194,48423,71040,26425,36261,4222,12054,61260,53874,16248,25483,26913,33996,28183,36661,32991,54879,10283,122128,17795,66416,8715,15950,41005,42559,19758,36456,13559,18966,16647,50601,40476,31242,39732,16582,31384,32559,19317,124837,5433,45302,64863,50004,28433,123996,28748,42260,44236,10635,31010,0,32200,38102,50188,31762,25554,22952,41381,32732,36081,5395,15536,18760,8395,13759,52788,45780,40278,49660
81,55157,23208,127119,51071,14053,46788,35113,48405,20528,41094,20271,65773,53197,29602,30436,108032,130846,65793,47432,20004,43841,33626,10118,65454,51882,54320,42763,25055,12924,27254,33181,58569,71355,58624,12151,32507,21717,49839,61491,19369,34562,57373,28551,22624,35878,46947,60845,29350,125452,18868,78911,40429,16344,53240,54354,44792,46388,40053,31134,35385,65542,67471,62214,9946,25282,19661,41834,27829,133407,28667,19803,60998,62080,14309,130613,37326,45640,25341,25255,48966,32200,0,9787,56727,12358,37503,31612,24188,40705,58697,26889,39858,14522,32891,31427,61629,55424,59785,42709
82,64624,30334,136586,60840,19224,43946,44267,54911,29772,42765,12903,73437,62506,39340,35611,117295,140511,75506,56108,18285,53576,41843,5241,74969,46301,63181,33904,29767,19723,35917,32736,68337,80774,64185,20630,39284,26367,58165,57125,27848,44092,64462,23917,32410,31391,56459,70609,37286,134837,21669,75229,46733,22441,50753,64059,52985,56095,43273,40229,37107,75183,75698,69094,15743,27078,15443,39618,37039,143102,35563,26147,70148,71816,24091,140216,46959,55412,16543,33062,58197,38102,9787,0,66509,8554,46932,41055,32780,50419,67573,32718,47965,22692,40427,39869,71415,52008,69038,51905
83,17538,46631,73047,7891,55031,87354,29210,48765,38312,69399,75112,45763,17090,27326,53213,56619,74943,10814,30273,68030,14908,37335,65802,19607,99001,28159,97985,54773,51958,37478,71941,6183,21931,58804,47735,45994,55076,30558,103769,43309,25712,47241,78026,34148,83236,18136,4703,40612,72195,59562,116516,48566,52245,91152,10102,35315,13743,63097,32174,66670,16097,40734,50982,54500,63008,71266,82024,33626,77245,46049,49063,21184,10161,42418,75247,22202,11154,81151,42936,22633,50188,56727,66509,0,66490,24755,28914,38317,18026,28874,50784,36556,47565,41808,36694,5638,95780,22974,22185
84,62351,25411,138125,60134,13788,35822,41543,48674,32403,34399,8638,68061,64684,40181,28849,119436,141248,76143,52257,9732,52627,37646,3390,72752,39648,59545,31573,22951,15636,32580,24182,67554,82580,57178,24498,33618,19714,62077,49714,24703,42363,58603,16465,32630,23926,54432,70845,32895,136630,14285,67521,40478,17283,42548,62776,48491,54922,35350,37500,28800,73462,70970,63005,21523,18968,7556,31295,34664,143665,30145,31860,72659,70684,24975,141245,45558,55664,14765,28713,55374,31762,12358,8554,66490,0,44823,39130,36427,49375,63911,26532,43464,19646,35467,36048,71014,44129,66135,54405
85,17694,22252,97667,17076,31967,62606,4469,27919,25686,44853,53169,34821,32384,16002,28477,81311,98846,35533,13665,44590,9944,12796,44919,28063,74503,18503,75535,30152,29338,13139,47262,23809,45526,39567,32610,21414,30753,39851,79014,20225,3346,30834,54322,17104,59020,9613,29458,15862,96916,35700,91969,25266,28802,66429,18379,15388,11183,38763,7733,41933,28647,33675,35759,39063,38529,48406,57292,10162,100900,21294,38300,40141,26295,24523,99472,3916,17040,59545,18455,11811,25554,37503,46932,24755,44823,0,5890,29222,7283,22557,26059,13901,25178,17257,11941,27903,71027,22427,27600
86,23570,17765,101948,21666,26572,58830,4922,28957,20888,42123,47551,38923,33805,12940,25348,84976,103632,39476,18012,39400,14112,11369,39123,33920,70106,23785,70071,26047,23779,8711,43233,28820,48592,40899,27083,19133,26170,39282,75296,14746,3297,33642,49283,11869,54330,15423,33571,12689,101016,30721,88998,24663,23555,63071,23721,18120,16040,36495,4049,38629,34356,38528,38719,33403,34135,43004,53431,4738,105791,18024,33348,41916,31656,18787,104089,6752,19645,53881,14175,17548,22952,31612,41055,28914,39130,5890,0,25015,10901,27995,22350,15034,19524,15314,9433,32663,67439,28269,27254
87,43593,31958,104463,35140,31445,68271,29937,52690,5483,57319,44447,63846,30333,13641,41844,84777,109260,45357,42746,42509,29836,34418,34295,52551,75353,47549,66638,38912,28178,28115,53087,42068,48729,64568,12182,39096,36753,25656,83958,25385,25970,58516,52027,13967,59027,35928,41532,32788,102510,37566,100451,46664,30945,74119,39758,43098,32631,53711,27714,52226,51136,62877,63620,17822,43674,43377,62939,24906,112073,36042,10753,37590,46260,14098,108604,26559,27607,49204,30822,40289,41381,24188,32780,38317,36427,29222,25015,0,27725,51351,37758,39553,25170,36759,31825,43855,77170,49695,19624
88,15926,28606,91073,10843,37292,69466,11668,34636,25429,52046,57916,38777,25317,14145,35535,74323,92757,28663,18335,50212,3266,20053,49050,25473,80975,20898,80622,36786,34353,19462,53971,18184,38308,46008,33770,28630,37050,33818,85912,25484,7686,36348,60142,18463,65231,8290,22700,22816,90185,41608,99136,32484,34377,73469,13650,21511,5686,46018,14209,48967,24966,36364,41038,40532,44984,53666,64105,15630,94946,28269,37841,32938,21415,26742,93190,4177,9782,64135,24929,13300,32732,40705,50419,18026,49375,7283,10901,27725,0,24192,32887,20877,30003,24495,19010,21839,77979,21973,21664
89,11414,38704,92375,23169,50185,72369,23743,25820,48175,52158,71576,16889,44385,37755,39813,79922,90467,37472,11676,61185,23236,26316,64721,14942,86329,4391,92535,44153,48406,31661,59063,23418,49773,32694,55069,32414,46201,55954,87769,39737,25902,20200,69781,39648,72740,16008,32139,31094,92654,52027,97164,29922,46701,74301,18920,16334,21011,45320,27606,51638,18799,12506,22912,61380,52469,65802,67709,30990,91772,34860,60803,49896,21812,46737,92137,24794,30033,78090,35216,11067,36081,58697,67573,28874,63911,22557,27995,51351,24192,0,39613,20985,44918,29219,27885,27430,79588,6663,44519
90,41071,5841,123723,43134,13512,36582,21656,22232,32279,20383,32986,41638,55723,31720,4113,107207,124646,61519,28139,21791,35889,14313,28413,51019,48632,35465,52974,4552,13971,13670,21223,49661,70940,31772,31628,7391,6962,59053,53025,12379,25288,32070,30183,25277,33700,34467,55485,10226,122970,12867,66748,14034,10583,40724,43955,23365,37229,15974,18685,16342,52831,45019,36514,34700,13054,26675,31240,18058,126582,4996,40810,63950,51658,24254,125406,28745,41994,39416,8356,33312,5395,26889,32718,50784,26532,26059,22350,37758,32887,39613,0,18642,13912,10487,14215,53883,45112,43225,47867
91,23488,18056,107982,28678,29676,52965,10535,14119,34905,33596,50831,26073,46185,27971,19194,92894,107841,47279,9532,40221,22870,6245,44601,32880,66250,16824,71552,23191,28322,13013,38731,33892,58206,25965,39144,11583,25230,53581,68972,20497,15690,19066,48825,25718,52047,18551,41129,10685,107622,31083,80405,12010,26182,55817,27938,5037,23023,26975,11841,31917,35175,27733,24183,44548,31583,44900,47978,14802,109551,13881,46766,53782,34992,30370,108944,17800,30606,57340,14918,15676,15536,39858,47965,36556,43464,13901,15034,39553,20877,20985,18642,0,25424,8243,8657,38372,60813,24768,41356
92,42724,9068,120086,40835,7655,43949,21966,34175,19771,32256,28027,51261,48228,23014,17942,102149,122507,57647,33417,20654,33269,19229,19936,53125,53004,40526,50622,13954,4399,13261,28361,48170,65241,44876,17744,18323,11585,48788,60114,5189,22784,42898,30753,15340,36686,34785,52068,14842,118857,13234,75832,26408,5910,49409,43229,30405,35447,29246,17908,27067,53821,53124,47781,21004,18771,23706,38510,15018,124795,14496,26983,56479,51156,11097,122734,26064,37125,34372,10734,35872,18760,14522,22692,47565,19646,25178,19524,25170,30003,44918,13912,25424,0,18384,17181,51804,52869,46686,38881
93,30778,10135,114309,33977,21714,45972,12826,16418,31597,27616,42665,33024,48967,27309,11685,98428,114768,52622,17672,31977,27175,4477,36787,40597,58721,25021,63315,15038,20705,8661,31170,40047,62783,27993,34018,4186,16986,54417,62238,14001,17493,24531,40651,22888,44114,24635,46496,4075,113734,22844,74743,9946,18248,49401,34202,13149,28071,21526,11266,25012,42550,35508,29463,38700,23520,36671,40803,12541,116610,5640,42424,56973,41715,25435,115674,20610,34135,49166,7671,22965,8395,32891,40427,41808,35467,17257,15314,36759,24495,29219,10487,8243,18384,0,5882,44400,54159,32740,42509
94,27322,11258,109539,28973,22388,50687,7485,20865,26888,33065,43871,34719,43146,21605,16544,93246,110449,47475,16282,34113,21866,2632,36847,37536,62820,23507,65468,18478,20522,4355,35437,35447,57305,32767,30547,9771,19536,48574,67081,12085,11738,27476,43439,17857,47630,20323,41397,3996,108832,24970,80130,15493,18937,54496,29761,13417,23055,27206,5384,29996,38990,36044,32572,35890,26986,38407,45394,7018,112409,9365,38386,51192,37514,21780,111191,14992,28501,50374,7507,19788,13759,31427,39869,36694,36048,11941,9433,31825,19010,27885,14215,8657,17181,5882,0,39673,59086,30299,36635
95,16786,50120,69915,11001,59131,90297,32238,49578,43658,71765,79603,44149,21788,32489,56005,54590,70992,10043,31014,72043,18580,39985,70485,15803,102405,27583,102390,58045,56170,40963,75107,4517,22352,58882,53006,48566,58618,35542,106624,47322,29380,46864,81946,39005,86876,19883,5311,43657,69358,63372,118750,50293,56202,93778,10459,36422,16740,65277,35570,69408,11730,38508,50180,59798,66431,75491,85044,37400,73127,49018,54607,24473,6110,47345,71568,25917,16429,85738,46345,23350,52788,61629,71415,5638,71014,27903,32663,43855,21839,27430,53883,38372,51804,44400,39673,0,98558,21003,27748
96,84295,49921,168469,88030,45824,8925,66570,54366,72092,27458,40186,73581,100287,75393,42584,152300,168655,106558,69772,35424,80932,58577,47406,93312,13618,76254,37521,41500,49198,58731,24623,94202,116025,53640,66654,50001,42138,101644,8188,55011,70401,63411,28146,67994,20822,78768,100483,55187,167870,39764,23487,49814,46981,5535,88336,64138,82109,34289,63793,29150,95922,79749,65000,65257,34235,36665,14363,63011,170350,49738,75170,108568,95712,63343,169715,73850,87080,41205,53295,76489,45780,55424,52008,95780,44129,71027,67439,77170,77979,79588,45112,60813,52869,54159,59086,98558,0,84823,91553
97,6519,41501,86005,18251,52631,77329,24779,31790,47140,57369,74128,23147,39186,36084,43957,73287,84471,31016,15286,64312,20205,29219,66622,8645,90934,8637,95709,47772,50501,33554,63463,17206,43350,39272,54833,36346,49471,51435,93012,41518,25614,26821,73333,39241,76799,13817,25887,33917,86195,55133,103016,35010,49210,79627,13459,20761,17586,50549,28832,56387,12208,17760,29563,61399,56258,68697,72498,32003,85899,38299,59686,44149,15234,46933,85998,23670,25868,80618,37804,10840,40278,59785,69038,22974,66135,22427,28269,49695,21973,6663,43225,24768,46686,32740,30299,21003,84823,0,40538
98,34030,42300,84877,22599,46353,82665,30931,55461,22188,68236,62819,60147,10710,16232,51475,65390,89685,26722,40000,58861,21510,38613,52742,40308,91710,41892,85473,50565,42923,34792,66933,27521,29107,67167,31364,46138,49466,12251,98945,36609,25733,57983,68851,23583,75308,28833,24094,39461,82994,52114,114143,51891,44673,87777,27720,42873,23515,63169,31271,64016,37603,57010,62702,37415,57318,60716,77201,30347,92538,44375,29570,18289,31879,29643,88984,23695,14669,68045,39593,34386,49660,42709,51905,22185,54405,27600,27254,19624,21664,44519,47867,41356,38881,42509,36635,27748,91553,40538,0
