Index_1,Base_1,Index_2,Base_2,Index_3,Base_3,Index_4,Base_4,Index_5,Base_5,Index_6,Base_6,Index_7,Base_7,Index_8,Base_8,Index_9,Base_9,Index_10,Base_10,Index_11,Base_11,Index_12,Base_12,Index_13,Base_13,Index_14,Base_14,Index_15,Base_15,Index_16,Base_16,Index_17,Base_17,Index_18,Base_18,Index_19,Base_19,Index_20,Base_20
56,C,56,C,61,A,47,T,56,C,56,C,37,T,39,G,47,T,56,C,56,C,73,C,56,C,38,C,66,A,56,C,38,C,56,C,47,T,38,C
61,A,61,A,73,C,73,C,61,A,61,A,38,C,56,C,56,C,61,A,61,A,74,A,134,T,39,G,73,C,61,A,39,G,61,A,56,C,39,G
73,C,73,C,144,T,74,A,73,C,73,C,39,G,61,A,61,A,73,C,73,C,127,C,135,A,40,T,150,C,73,C,40,T,73,C,61,A,40,T
74,A,74,A,165,A,144,T,74,A,74,A,40,T,73,C,73,C,74,A,74,A,159,T,137,T,41,C,171,C,74,A,42,G,74,A,144,T,41,C
110,C,110,C,166,C,150,C,110,C,110,C,41,C,134,T,74,A,110,C,110,C,168,A,171,C,42,G,276,A,110,C,47,T,110,C,150,C,42,G
144,T,144,T,167,A,171,C,144,T,144,T,42,G,135,A,110,C,144,T,144,T,169,G,252,T,61,A,277,A,267,G,73,C,144,T,171,C,47,T
150,C,150,C,249,C,210,C,150,C,150,C,47,T,140,T,144,T,150,C,150,C,170,C,259,T,73,C,278,A,276,A,74,A,150,C,210,C,66,A
160,A,160,A,250,C,273,G,160,A,171,C,66,A,255,A,150,C,160,A,160,A,172,C,277,A,74,A,288,G,277,A,110,C,160,A,273,G,67,C
171,C,171,C,253,T,274,T,171,C,210,C,127,C,259,T,160,A,171,C,171,C,183,C,295,G,144,T,293,T,278,A,127,C,171,C,274,T,127,C
305,C,210,C,255,A,289,C,210,C,273,G,134,T,262,A,171,C,210,C,210,C,205,A,338,A,150,C,298,T,305,C,134,T,210,C,289,C,134,T
344,T,305,C,259,T,294,G,273,G,274,T,135,A,267,G,210,C,273,G,273,G,255,A,341,T,253,T,299,T,315,C,135,A,273,G,294,G,135,A
347,A,341,T,293,T,305,C,274,T,289,C,137,T,276,A,348,G,274,T,274,T,259,T,355,G,255,A,315,C,335,C,137,T,274,T,305,C,137,T
348,G,347,A,295,G,344,T,289,C,294,G,140,T,277,A,355,G,289,C,289,C,293,T,384,T,259,T,338,A,338,A,140,T,289,C,344,T,140,T
355,G,348,G,315,C,347,A,294,G,305,C,165,A,278,A,392,T,294,G,294,G,298,T,385,C,267,G,341,T,343,C,150,C,294,G,347,A,159,T
442,T,354,T,338,A,348,G,305,C,334,A,166,C,288,G,397,T,305,C,305,C,299,T,402,C,294,G,344,T,344,T,171,C,305,C,359,G,183,C
446,T,359,G,341,T,354,T,343,C,335,C,167,A,290,C,423,G,343,C,343,C,315,C,403,T,344,T,347,A,347,A,259,T,315,C,363,T,185,C
505,C,363,T,355,G,359,G,344,T,338,A,168,A,293,T,442,T,344,T,344,T,334,A,404,C,347,A,348,G,348,G,344,T,343,C,397,T,189,G
508,C,414,A,402,C,363,T,347,A,340,T,169,G,295,G,446,T,347,A,347,A,335,C,410,G,354,T,359,G,359,G,347,A,344,T,403,T,262,A
509,A,415,G,403,T,392,T,359,G,341,T,170,C,298,T,497,A,348,G,348,G,338,A,414,A,359,G,363,T,363,T,359,G,347,A,404,C,267,G
513,A,416,C,404,C,397,T,363,T,342,T,172,C,299,T,498,C,354,T,354,T,341,T,415,G,363,T,447,C,446,T,363,T,348,G,521,A,276,A
518,C,497,A,406,T,442,T,392,T,349,T,183,C,315,C,505,C,359,G,359,G,349,T,418,G,392,T,482,T,463,G,403,T,354,T,524,A,277,A
522,C,498,C,408,G,446,T,397,T,354,T,205,A,334,A,508,C,363,T,363,T,355,G,442,T,397,T,555,A,497,A,404,C,359,G,555,A,278,A
524,A,505,C,409,G,447,C,423,G,366,T,305,C,335,C,509,A,392,T,392,T,392,T,498,C,414,A,561,A,498,C,442,T,363,T,579,T,288,G
539,C,508,C,410,G,450,T,442,T,392,T,334,A,338,A,513,A,397,T,397,T,397,T,521,A,415,G,598,C,505,C,446,T,392,T,580,C,293,T
546,T,509,A,414,A,497,A,446,T,397,T,335,C,341,T,518,C,423,G,423,G,414,A,528,C,418,G,599,T,508,C,447,C,397,T,595,T,295,G
561,A,513,A,415,G,498,C,447,C,423,G,338,A,349,T,522,C,442,T,442,T,415,G,531,C,419,T,603,T,509,A,498,C,423,G,621,A,298,T
579,T,518,C,416,C,499,C,450,T,442,T,341,T,355,G,524,A,446,T,495,G,416,C,533,C,497,A,618,C,513,A,505,C,446,T,661,A,299,T
580,C,522,C,418,G,505,C,498,C,446,T,349,T,401,T,539,C,447,C,497,A,418,G,534,T,521,A,639,T,518,C,508,C,447,C,703,A,315,C
595,T,524,A,419,T,579,T,531,C,447,C,355,G,402,C,546,T,450,T,498,C,419,T,555,A,531,C,661,A,522,C,509,A,493,G,741,G,317,A
597,C,539,C,431,T,580,C,561,A,450,T,401,T,403,T,561,A,493,G,505,C,446,T,568,A,533,C,672,T,524,A,513,A,495,G,743,G,334,A
598,C,546,T,437,A,595,T,579,T,495,G,402,C,404,C,565,T,495,G,508,C,522,C,657,T,534,T,741,G,539,C,518,C,497,A,755,T,335,C
603,T,561,A,446,T,597,C,580,C,497,A,403,T,406,T,579,T,497,A,509,A,524,A,661,A,550,G,743,G,546,T,522,C,498,C,903,C,338,A
620,T,565,T,521,A,598,C,595,T,498,C,404,C,408,G,580,C,498,C,513,A,531,C,741,G,555,A,755,T,561,A,524,A,505,C,933,G,340,T
621,A,579,T,531,C,603,T,597,C,505,C,405,C,409,G,595,T,505,C,518,C,533,C,743,G,568,A,760,A,565,T,539,C,508,C,971,G,341,T
625,C,580,C,533,C,620,T,598,C,513,A,406,T,410,G,597,C,508,C,522,C,550,G,747,G,579,T,761,C,579,T,546,T,509,A,984,C,349,T
626,G,595,T,534,T,621,A,603,T,518,C,408,G,414,A,598,C,509,A,524,A,555,A,755,T,580,C,762,C,580,C,561,A,513,A,985,A,355,G
630,T,597,C,550,G,625,C,620,T,522,C,409,G,415,G,603,T,513,A,539,C,568,A,761,C,599,T,763,T,595,T,565,T,518,C,1008,A,371,A
661,A,598,C,555,A,626,G,621,A,524,A,410,G,418,G,620,T,518,C,546,T,612,C,762,C,600,T,881,G,598,C,579,T,522,C,1017,G,375,T
669,C,603,T,568,A,630,T,625,C,531,C,414,A,432,G,621,A,522,C,561,A,615,C,763,T,601,C,883,G,603,T,580,C,524,A,1039,C,409,G
673,G,620,T,599,T,646,T,626,G,533,C,415,G,437,A,642,G,524,A,565,T,618,C,880,T,605,C,884,G,620,T,595,T,539,C,1049,C,410,G
675,C,621,A,605,C,660,G,630,T,534,T,416,C,521,A,646,T,539,C,579,T,761,C,901,A,620,T,885,C,621,A,597,C,561,A,1165,T,414,A
678,G,625,C,606,G,661,A,642,G,550,G,418,G,528,C,647,A,546,T,580,C,903,C,903,C,621,A,886,T,642,G,598,C,595,T,1229,T,415,G
682,T,626,G,621,A,669,C,646,T,555,A,419,T,531,C,648,A,561,A,595,T,904,G,904,G,625,C,887,T,646,T,603,T,597,C,1230,G,416,C
684,T,630,T,639,T,673,G,647,A,568,A,521,A,533,C,657,T,565,T,597,C,933,G,930,G,626,G,888,T,647,A,620,T,598,C,1231,C,418,G
703,A,642,G,661,A,675,C,661,A,583,G,528,C,534,T,660,G,579,T,598,C,935,C,933,G,632,T,903,C,648,A,621,A,603,T,1321,G,419,T
737,G,646,T,703,A,682,T,703,A,599,T,531,C,550,G,661,A,580,C,603,T,1008,A,935,C,634,A,904,G,657,T,625,C,620,T,1340,G,442,T
739,T,647,A,741,G,716,C,716,C,600,T,533,C,555,A,669,C,595,T,620,T,1114,C,971,G,638,C,908,G,737,G,626,G,621,A,1408,C,521,A
753,A,648,A,753,A,721,T,721,T,601,C,550,G,568,A,673,G,597,C,621,A,1115,G,985,A,639,T,933,G,739,T,630,T,625,C,1409,A,528,C
806,G,657,T,809,T,753,A,737,G,605,C,618,C,582,T,675,C,598,C,625,C,1118,A,1008,A,640,T,935,C,753,A,642,G,626,G,1432,A,531,C
822,G,660,G,899,C,806,G,739,T,606,G,685,C,583,G,678,G,603,T,626,G,1119,A,1017,G,641,T,971,G,806,G,646,T,642,G,1450,T,533,C
830,G,661,A,900,G,822,G,753,A,612,C,736,G,599,T,682,T,620,T,630,T,1120,C,1019,G,644,A,985,A,834,G,647,A,646,T,1453,A,550,G
834,G,669,C,902,A,830,G,761,C,614,C,738,A,600,T,684,T,621,A,642,G,1136,T,1020,G,682,T,1008,A,903,C,648,A,647,A,1651,G,555,A
899,C,673,G,905,C,834,G,822,G,615,C,741,G,601,C,703,A,625,C,646,T,1138,T,1022,A,684,T,1017,G,905,C,657,T,648,A,1677,G,599,T
900,G,675,C,908,G,900,G,830,G,617,T,743,G,605,C,716,C,626,G,647,A,1165,T,1023,T,703,A,1019,G,971,G,660,G,657,T,1892,C,600,T
902,A,678,G,921,G,933,G,834,G,618,C,761,C,606,G,721,T,630,T,648,A,1179,C,1024,C,739,T,1020,G,993,G,661,A,660,G,1893,T,601,C
905,C,682,T,933,G,1058,A,903,C,619,G,809,T,618,C,737,G,642,G,657,T,1180,G,1025,A,753,A,1022,A,995,C,669,C,661,A,1895,A,605,C
920,C,684,T,971,G,1122,C,905,C,624,A,831,C,624,A,739,T,646,T,660,G,1229,T,1026,G,834,G,1023,T,997,T,673,G,669,C,1897,T,606,G
921,G,703,A,984,C,1256,T,995,C,632,T,903,C,632,T,753,A,647,A,661,A,1230,G,1027,T,857,C,1024,C,1014,A,675,C,673,G,1898,T,612,C
993,G,716,C,985,A,1340,G,997,T,634,A,984,C,634,A,806,G,648,A,669,C,1231,C,1029,G,899,C,1025,A,1049,C,678,G,675,C,1901,C,614,C
995,C,721,T,1008,A,1345,A,1013,A,638,C,985,A,638,C,822,G,657,T,673,G,1258,G,1039,C,900,G,1026,G,1122,C,682,T,678,G,1904,G,615,C
997,T,737,G,1017,G,1445,A,1014,A,657,T,1008,A,639,T,830,G,660,G,675,C,1343,G,1049,C,902,A,1027,T,1179,C,684,T,682,T,1905,G,618,C
1013,A,739,T,1019,G,1450,T,1049,C,669,C,1114,C,640,T,834,G,661,A,678,G,1347,C,1087,T,905,C,1029,G,1180,G,703,A,684,T,1906,T,619,G
1014,A,753,A,1020,G,1453,A,1122,C,678,G,1115,G,641,T,899,C,669,C,682,T,1348,A,1114,C,920,C,1039,C,1343,G,716,C,703,A,1907,C,624,A
1256,T,806,G,1022,A,1470,G,1145,A,682,T,1118,A,644,A,900,G,673,G,684,T,1350,T,1115,G,921,G,1049,C,1445,A,721,T,716,C,1908,G,627,T
1340,G,820,G,1023,T,1489,G,1256,T,684,T,1119,A,672,T,902,A,675,C,703,A,1448,G,1118,A,993,G,1114,C,1450,T,737,G,721,T,1909,A,632,T
1345,A,821,A,1024,C,1513,A,1340,G,737,G,1120,C,741,G,905,C,678,G,716,C,1451,T,1119,A,995,C,1115,G,1453,A,739,T,737,G,1910,G,634,A
1445,A,823,T,1025,A,1548,T,1345,A,739,T,1164,T,743,G,920,C,682,T,721,T,1452,C,1120,C,997,T,1119,A,1470,G,753,A,739,T,1911,G,638,C
1450,T,824,G,1026,G,1555,G,1450,T,761,C,1165,T,755,T,921,G,684,T,737,G,1468,C,1165,T,1013,A,1120,C,1489,G,806,G,753,A,1912,T,639,T
1453,A,825,T,1027,T,1617,T,1453,A,822,G,1179,C,761,C,985,A,703,A,739,T,1472,A,1166,G,1014,A,1165,T,1499,T,834,G,822,G,1913,A,640,T
1470,G,826,A,1028,G,1623,G,1470,G,830,G,1180,G,809,T,995,C,716,C,753,A,1473,T,1167,C,1122,C,1179,C,1513,A,899,C,830,G,1914,A,641,T
1489,G,827,C,1029,G,1627,T,1489,G,834,G,1193,T,819,T,997,T,721,T,806,G,1555,G,1171,C,1193,T,1180,G,1548,T,900,G,834,G,1915,C,644,A
1513,A,828,C,1039,C,1628,C,1513,A,904,G,1229,T,829,T,1013,A,737,G,822,G,1560,T,1178,A,1229,T,1193,T,1617,T,902,A,904,G,1916,C,685,C
1548,T,831,C,1049,C,1630,A,1548,T,908,G,1230,G,870,C,1014,A,739,T,830,G,1568,G,1179,C,1230,G,1221,A,1677,G,905,C,920,C,1918,G,755,T
1617,T,832,G,1114,C,1632,T,1555,G,993,G,1231,C,903,C,1122,C,753,A,834,G,1569,C,1180,G,1231,C,1222,A,1713,G,920,C,921,G,2078,C,761,C
1677,G,833,G,1118,A,1634,C,1560,T,995,C,1260,G,904,G,1132,G,806,G,899,C,1574,C,1193,T,1340,G,1224,G,1750,A,921,G,995,C,2079,T,762,C
1713,G,834,G,1119,A,1636,T,1567,T,997,T,1340,G,933,G,1145,A,822,G,900,G,1639,C,1229,T,1345,A,1229,T,1942,A,993,G,997,T,2080,A,763,T
1734,A,835,T,1120,C,1638,G,1569,C,1013,A,1345,A,968,C,1256,T,830,G,902,A,1640,G,1230,G,1451,T,1230,G,2137,A,995,C,1013,A,2081,G,809,T
1735,G,838,T,1162,A,1639,C,1574,C,1014,A,1350,T,971,G,1340,G,834,G,905,C,1651,G,1231,C,1452,C,1231,C,2233,T,997,T,1014,A,2144,C,814,C
1739,G,839,T,1163,T,1651,G,1617,T,1122,C,1448,G,984,C,1345,A,899,C,920,C,1663,C,1247,G,1492,A,1244,T,2234,T,1013,A,1122,C,2241,A,817,T
1750,A,840,A,1164,T,1668,C,1627,T,1229,T,1450,T,985,A,1445,A,900,G,921,G,1664,A,1249,G,1677,G,1245,G,2236,G,1014,A,1132,G,2258,G,819,T
1942,A,841,T,1165,T,1675,G,1636,T,1230,G,1513,A,1001,A,1450,T,902,A,993,G,1666,G,1258,G,1772,G,1246,T,2343,G,1122,C,1145,A,2266,G,903,C
2233,T,842,A,1256,T,1680,G,1651,G,1231,C,1568,G,1002,C,1453,A,905,C,995,C,1668,C,1260,G,1773,T,1247,G,2369,C,1229,T,1256,T,2343,G,904,G
2234,T,843,A,1296,G,1683,T,1666,G,1256,T,1636,T,1008,A,1470,G,920,C,997,T,1675,G,1278,G,1774,G,1258,G,2373,T,1230,G,1345,A,2393,C,933,G
2236,G,844,T,1298,C,1685,C,1668,C,1340,G,1639,C,1039,C,1489,G,921,G,1013,A,1680,G,1280,G,1775,G,1278,G,2393,C,1231,C,1432,A,2396,C,971,G
2324,A,846,C,1299,G,1686,C,1680,G,1345,A,1640,G,1049,C,1499,T,993,G,1014,A,1683,T,1286,C,1776,C,1280,G,2502,T,1256,T,1435,G,2526,C,984,C
2330,A,847,A,1307,A,1750,A,1683,T,1451,T,1663,C,1067,T,1513,A,995,C,1122,C,1685,C,1287,A,1777,G,1286,C,2544,A,1340,G,1445,A,2534,T,985,A
2334,C,848,G,1308,G,1946,T,1685,C,1452,C,1664,A,1071,G,1548,T,997,T,1132,G,1686,C,1298,C,1778,T,1287,A,2756,A,1345,A,1450,T,2536,C,1008,A
2343,G,849,T,1310,A,2233,T,1686,C,1470,G,1666,G,1073,C,1617,T,1013,A,1145,A,1713,G,1299,G,1780,A,1295,A,2959,T,1445,A,1453,A,2548,G,1017,G
2355,A,850,C,1311,T,2234,T,1713,G,1489,G,1685,C,1114,C,1677,G,1014,A,1256,T,1729,T,1307,A,2144,C,1296,G,3011,A,1450,T,1470,G,2549,G,1019,G
2378,G,852,T,1313,T,2236,G,1750,A,1513,A,1686,C,1115,G,1746,T,1122,C,1340,G,1733,C,1308,G,2179,C,1297,A,3092,C,1453,A,1513,A,2625,G,1020,G
2380,T,877,A,1314,G,2318,T,1942,A,1548,T,1713,G,1118,A,1750,A,1256,T,1345,A,1734,A,1310,A,2233,T,1298,C,3115,G,1470,G,1548,T,2667,T,1022,A
2381,G,878,T,1315,G,2330,A,2241,A,1617,T,1734,A,1119,A,2023,G,1340,G,1445,A,1735,G,1311,T,2234,T,1299,G,3167,C,1489,G,1617,T,2733,T,1023,T
2383,T,879,T,1316,G,2724,A,2243,T,1677,G,1735,G,1120,C,2233,T,1345,A,1450,T,1845,T,1313,T,2236,G,1301,A,3212,C,1617,T,1677,G,2735,T,1024,C
2502,T,903,C,1318,A,2915,T,2343,G,1713,G,1845,T,1136,T,2234,T,1445,A,1453,A,1846,G,1314,G,2343,G,1304,T,3225,A,1677,G,1750,A,2751,T,1025,A
2538,A,904,G,1319,T,3011,A,2349,C,1746,T,1846,G,1138,T,2236,G,1450,T,1470,G,1847,C,1315,G,2369,C,1307,A,3226,A,1798,C,1772,G,2915,T,1026,G
2544,A,933,G,1321,G,3063,A,2393,C,1750,A,1847,C,1162,A,2330,A,1453,A,1489,G,1848,C,1316,G,2393,C,1308,G,3264,T,1886,T,1773,T,2916,A,1027,T
2594,A,993,G,1322,A,3137,A,2544,A,1762,T,1848,C,1163,T,2366,T,1470,G,1499,T,1849,A,1318,A,2502,T,1310,A,3268,C,1887,C,1774,G,3011,A,1028,G
2652,T,995,C,1324,T,3185,T,2601,A,1766,A,1849,A,1164,T,2378,G,1489,G,1513,A,1850,T,1319,T,2694,A,1311,T,3269,C,1888,T,1775,G,3024,G,1029,G
2655,T,997,T,1329,A,3218,G,2603,G,1767,G,1850,T,1165,T,2380,T,1499,T,1548,T,1851,A,1321,G,2978,A,1313,T,3285,T,1889,C,1776,C,3092,C,1030,A
2691,T,1122,C,1330,G,3225,A,2625,G,1768,G,1851,A,1179,C,2381,G,1513,A,1617,T,1852,T,1324,T,2979,T,1314,G,3289,T,1890,T,1777,G,3115,G,1032,G
2693,T,1179,C,1332,A,3226,A,2664,C,1769,A,1852,T,1180,G,2383,T,1548,T,1677,G,1853,T,1329,A,2980,G,1315,G,3316,T,1892,C,1778,T,3150,T,1033,G
2694,A,1180,G,1343,G,3249,G,2667,T,1770,T,1853,T,1229,T,2526,C,1617,T,1746,T,1855,A,1330,G,3011,A,1316,G,3336,A,1893,T,1779,C,3165,T,1034,T
2695,T,1258,G,1347,C,3260,C,2706,G,1798,C,1855,A,1230,G,2534,T,1677,G,1750,A,1856,A,1332,A,3150,T,1318,A,3344,T,1895,A,1780,A,3212,C,1035,C
2704,C,1260,G,1348,A,3264,T,2717,T,1923,A,1856,A,1231,C,2536,C,1746,T,1772,G,1858,A,1343,G,3218,G,1319,T,3351,C,1897,T,2233,T,3243,T,1036,A
2724,A,1340,G,1350,T,3268,C,2733,T,2233,T,1858,A,1247,G,2548,G,1750,A,1773,T,1860,T,1347,C,3225,A,1321,G,3376,T,1898,T,2234,T,3244,G,1037,T
3051,T,1345,A,1372,C,3285,T,2735,T,2234,T,1860,T,1258,G,2549,G,1772,G,1774,G,1861,C,1348,A,3226,A,1324,T,3377,G,1942,A,2236,G,3260,C,1039,C
3063,A,1445,A,1374,A,3289,T,2751,T,2236,G,1861,C,1260,G,2611,T,1773,T,1775,G,1862,A,1350,T,3249,G,1329,A,3405,A,2233,T,2341,T,3264,T,1040,A
3092,C,1450,T,1448,G,3309,G,2753,C,2538,A,1862,A,1286,C,2613,T,1774,G,1776,C,1866,C,1364,G,3260,C,1330,G,3420,A,2234,T,2343,G,3268,C,1041,C
3122,A,1453,A,1451,T,3319,A,2756,A,2652,T,1866,C,1287,A,2625,G,1775,G,1777,G,1868,C,1366,C,3268,C,1331,T,3421,T,2236,G,2369,C,3273,A,1042,T
3145,T,1470,G,1452,C,3325,T,2770,G,2655,T,1867,G,1299,G,2637,G,1776,C,1778,T,1869,G,1367,G,3283,C,1332,A,3422,A,2320,T,2373,T,3276,G,1043,C
3187,T,1489,G,1508,C,3326,C,2771,T,2701,T,1868,C,1315,G,2664,C,1777,G,1779,C,1923,A,1372,C,3316,T,1343,G,3423,G,2321,A,2393,C,3277,T,1045,T
3212,C,1499,T,1568,G,3327,C,2776,A,2704,C,1869,G,1321,G,2667,T,1778,T,1780,A,1946,T,1374,A,3319,A,1347,C,3424,C,2330,A,2496,A,3278,C,1047,C
3218,G,1513,A,1627,T,3338,G,2797,G,2724,A,1870,T,1324,T,2706,G,1779,C,1781,G,1994,C,1376,G,3322,T,1348,A,3432,A,2343,G,2544,A,3283,C,1049,C
3235,A,1548,T,1663,C,3339,A,2918,G,2736,A,1872,T,1329,A,2717,T,1780,A,1782,A,2116,C,1378,A,3335,C,1350,T,3444,A,2373,T,2691,T,3315,A,1114,C
3249,G,1617,T,1664,A,3341,T,2959,T,2738,T,1873,T,1330,G,2733,T,1781,G,1783,G,2144,C,1380,C,3338,G,1364,G,3447,T,2375,G,2693,T,3319,A,1115,G
3268,C,1677,G,1666,G,3344,T,3063,A,2770,G,1874,C,1332,A,2735,T,1782,A,1784,C,2151,C,1398,T,3339,A,1366,C,3475,T,2393,C,2694,A,3322,T,1118,A
3285,T,1746,T,1675,G,3370,G,3066,C,2959,T,1919,C,1337,C,2959,T,1783,G,1785,T,2233,T,1400,G,3341,T,1367,G,3548,A,2544,A,2695,T,3336,A,1119,A
3289,T,1750,A,1685,C,3432,A,3067,A,2992,A,1923,A,1339,G,3024,G,1784,C,1786,T,2236,G,1406,G,3353,T,1376,G,3618,T,2625,G,2704,C,3344,T,1120,C
3294,T,1942,A,1686,C,3477,A,3073,T,3004,T,1946,T,1343,G,3063,A,1785,T,1787,C,2258,G,1408,C,3376,T,1380,C,3879,G,2724,A,2724,A,3370,G,1136,T
3309,G,2233,T,1713,G,3478,T,3122,A,3005,T,2013,A,1347,C,3131,C,1786,T,1788,T,2266,G,1409,A,3377,G,1448,G,3968,A,2756,A,2756,A,3409,G,1138,T
3315,A,2234,T,1734,A,3491,A,3131,C,3006,A,2023,G,1348,A,3133,A,1787,C,1789,T,2271,T,1431,A,3420,A,1451,T,3990,G,2771,T,2770,G,3450,T,1164,T
3319,A,2236,G,1735,G,3494,C,3133,A,3092,C,2063,A,1350,T,3135,G,1788,T,1790,G,2280,G,1432,A,3421,T,1452,C,,,2776,A,2771,T,3466,T,1165,T
3321,G,2303,G,1749,C,3495,C,3135,G,3122,A,2064,C,1367,G,3136,T,1789,T,1791,G,2330,A,1435,G,3422,A,1453,A,,,2797,G,2776,A,3472,A,1179,C
3322,T,2393,C,1842,C,3496,T,3136,T,3131,C,2069,T,1372,C,3138,T,1790,G,1792,A,2343,G,1437,A,3423,G,1513,A,,,2978,A,2791,C,3476,C,1180,G
3338,G,2544,A,1845,T,3548,A,3138,T,3133,A,2075,C,1374,A,3145,T,1791,G,1793,C,2502,T,1448,G,3450,T,1618,G,,,2979,T,2797,G,3477,A,1186,A
3339,A,2601,A,1846,G,3603,T,3145,T,3135,G,2078,C,1376,G,3150,T,1792,A,1794,A,2507,T,1451,T,3476,C,1619,G,,,2980,G,2959,T,3478,T,1193,T
3341,T,2603,G,1847,C,3604,C,3147,T,3136,T,2079,T,1378,A,3152,T,1793,C,1795,C,2536,C,1452,C,3477,A,1620,T,,,2994,T,3011,A,3486,A,1229,T
3346,C,2614,G,1849,A,3726,C,3150,T,3138,T,2080,A,1380,C,3165,T,1794,A,1796,C,2625,G,1513,A,3478,T,1623,G,,,3022,C,3063,A,3491,A,1230,G
3351,C,2615,T,1851,A,3879,G,3165,T,3145,T,2081,G,1398,T,3180,C,1795,C,1797,C,2638,T,1548,T,3486,A,1627,T,,,3024,G,3092,C,3494,C,1231,C
3376,T,2624,T,1852,T,3891,A,3185,T,3150,T,2105,C,1400,G,3182,C,1796,C,1798,C,2652,T,1617,T,3491,A,1635,C,,,3034,A,3145,T,3495,C,1299,G
3377,G,2625,G,1858,A,3938,A,3212,C,3152,T,2106,A,1432,A,3185,T,1797,C,1942,A,2693,T,1677,G,3494,C,1640,G,,,3051,T,3167,C,3586,G,1315,G
3432,A,2626,A,1861,C,3941,T,3225,A,3165,T,2107,G,1435,G,3191,A,1798,C,2233,T,2694,A,1746,T,3495,C,1651,G,,,3063,A,3197,A,3596,A,1321,G
3476,C,2627,C,1862,A,3967,C,3226,A,3172,T,2108,G,1448,G,3197,A,1942,A,2234,T,2695,T,1750,A,3548,A,1666,G,,,3066,C,3212,C,3603,T,1324,T
3477,A,2735,T,1892,C,3976,T,3249,G,3182,C,2112,G,1451,T,3218,G,2233,T,2236,G,2724,A,1808,G,3586,G,1668,C,,,3067,A,3241,C,3604,C,1329,A
3478,T,2756,A,1893,T,3986,A,3260,C,3185,T,2115,G,1452,C,3225,A,2234,T,2369,C,2918,G,1931,G,3603,T,1675,G,,,3073,T,3243,T,3618,T,1330,G
3486,A,2771,T,1895,A,3988,G,3264,T,3195,A,2119,C,1472,A,3226,A,2236,G,2373,T,3063,A,1933,C,3604,C,1680,G,,,3122,A,3244,G,3644,A,1332,A
3491,A,2776,A,1897,T,,,3268,C,3197,A,2144,C,1473,T,3243,T,2369,C,2378,G,3066,C,1934,T,3730,T,1683,T,,,3131,C,3273,A,3649,T,1343,G
3542,G,3011,A,1898,T,,,3285,T,3212,C,2151,C,1508,C,3244,G,2373,T,2380,T,3067,A,1944,C,3860,A,1740,C,,,3133,A,3276,G,3695,G,1376,G
3644,A,3092,C,1905,G,,,3289,T,3241,C,2152,C,1509,A,3245,T,2378,G,2381,G,3131,C,1945,A,3938,A,1741,C,,,3135,G,3277,T,3860,A,1380,C
3726,C,3167,C,1906,T,,,3316,T,3243,T,2241,A,1510,T,3246,A,2380,T,2383,T,3133,A,1946,T,3941,T,1742,G,,,3136,T,3278,C,3868,G,1397,T
3735,G,3185,T,1907,C,,,3329,A,3244,G,2243,T,1511,A,3268,C,2381,G,2502,T,3135,G,2023,G,3976,T,1743,A,,,3138,T,3283,C,3869,A,1398,T
3891,A,3196,G,1908,G,,,3338,G,3260,C,2266,G,1512,C,3269,C,2383,T,2544,A,3136,T,2069,T,,,1745,T,,,3139,C,3309,G,3873,C,1400,G
3955,T,3218,G,1942,A,,,3339,A,3264,T,2269,A,1518,G,3285,T,2538,A,2733,T,3138,T,2079,T,,,1747,A,,,3145,T,3315,A,3887,C,1445,A
,,3260,C,2106,A,,,3341,T,3285,T,2320,T,1519,A,3289,T,2544,A,2735,T,3145,T,2080,A,,,1749,C,,,3150,T,3319,A,3897,C,1450,T
,,3264,T,2137,A,,,3346,C,3316,T,2321,A,1521,T,3316,T,2652,T,2918,G,3150,T,2106,A,,,1752,T,,,3152,T,3336,A,3899,C,1453,A
,,3283,C,2144,C,,,3347,G,3333,C,2323,T,1522,C,3319,A,2655,T,2959,T,3152,T,2109,C,,,1754,A,,,3165,T,3344,T,3908,A,1470,G
,,3285,T,2241,A,,,3351,C,3336,A,2324,A,1528,G,3325,T,2664,C,3005,T,3165,T,2112,G,,,1805,A,,,3172,T,3353,T,3914,G,1496,A
,,3289,T,2243,T,,,3377,G,3344,T,2325,G,1529,G,3326,C,2851,C,3006,A,3172,T,2115,G,,,1845,T,,,3182,C,3367,A,3917,C,1555,G
,,3319,A,2258,G,,,3409,G,3370,G,2326,A,1558,T,3327,C,2916,A,3012,G,3185,T,2116,C,,,1846,G,,,3185,T,3376,T,3941,T,1560,T
,,3329,A,2266,G,,,3477,A,3380,C,2327,T,1568,G,3328,C,2959,T,3047,A,3197,A,2119,C,,,1847,C,,,3191,A,3377,G,3951,C,1568,G
,,3334,A,2271,T,,,3478,T,3382,A,2328,A,1569,C,3338,G,3005,T,3058,A,3212,C,2137,A,,,1849,A,,,3197,A,3420,A,3954,A,1605,G
,,3352,G,2330,A,,,3486,A,3383,G,2330,A,1574,C,3339,A,3006,A,3075,C,3225,A,2144,C,,,1851,A,,,3212,C,3421,T,3955,T,1618,G
,,3376,T,2356,A,,,3507,G,3384,T,2331,G,1618,G,3341,T,3092,C,3079,C,3226,A,2151,C,,,1852,T,,,3225,A,3422,A,,,1620,T
,,3377,G,2366,T,,,3509,A,3385,T,2332,C,1623,G,3346,C,3115,G,3092,C,3237,C,2152,C,,,1855,A,,,3226,A,3423,G,,,1623,G
,,3432,A,2544,A,,,3596,A,3386,A,2333,A,1627,T,3347,G,3120,C,3094,C,3241,C,2157,C,,,1860,T,,,3241,C,3424,C,,,1627,T
,,3476,C,2603,G,,,3618,T,3388,G,2334,C,1685,C,3352,G,3167,C,3115,G,3244,G,2160,C,,,1861,C,,,3243,T,3430,A,,,1634,C
,,3477,A,2611,T,,,3644,A,3390,T,2336,G,1734,A,3409,G,3197,A,3120,C,3283,C,2161,C,,,1862,A,,,3244,G,3431,T,,,1636,T
,,3478,T,2613,T,,,3649,T,3401,G,2337,A,1735,G,3476,C,3218,G,3167,C,3316,T,2163,T,,,1866,C,,,3256,C,3432,A,,,1639,C
,,3524,C,2614,G,,,3695,G,3402,T,2338,A,1738,A,3477,A,3235,A,3178,G,3329,A,2208,A,,,1868,C,,,3258,C,3433,T,,,1640,G
,,3548,A,2615,T,,,3707,T,3404,A,2341,T,1739,G,3478,T,3237,C,3187,T,3334,A,2210,T,,,1869,G,,,3259,C,3438,T,,,1651,G
,,3586,G,2624,T,,,3879,G,3405,A,2343,G,1798,C,3486,A,3241,C,3241,C,3344,T,2215,A,,,1870,T,,,3285,T,3442,C,,,1677,G
,,3726,C,2625,G,,,3938,A,3407,A,2354,A,1845,T,3491,A,3243,T,3243,T,3353,T,2216,G,,,1873,T,,,3289,T,3444,A,,,1712,C
,,3730,T,2626,A,,,3941,T,3412,A,2355,A,1846,G,3494,C,3244,G,3244,G,3370,G,2217,G,,,1874,C,,,3319,A,3447,T,,,1713,G
,,3735,G,2627,C,,,,,3432,A,2357,C,1881,C,3495,C,3245,T,3260,C,3450,T,2241,A,,,1875,A,,,3353,T,3451,A,,,1714,T
,,3908,A,2652,T,,,,,3450,T,2358,T,1883,T,3507,G,3246,A,3264,T,3475,T,2243,T,,,1876,A,,,3370,G,3458,A,,,1721,T
,,3968,A,2735,T,,,,,3476,C,2362,A,1887,C,3509,A,3272,G,3268,C,3537,C,2255,T,,,1877,T,,,3382,A,3463,A,,,1722,A
,,,,2916,A,,,,,3477,A,2364,T,1889,C,3548,A,3273,A,3269,C,3541,C,2258,G,,,1881,C,,,3383,G,3471,C,,,1723,T
,,,,2959,T,,,,,3478,T,2365,T,1890,T,3596,A,3276,G,3273,A,3542,G,2266,G,,,1887,C,,,3384,T,3476,C,,,1724,A
,,,,3115,G,,,,,3495,C,2367,T,1892,C,3618,T,3277,T,3283,C,3596,A,2271,T,,,1889,C,,,3385,T,3477,A,,,1725,T
,,,,3131,C,,,,,3542,G,2368,A,1893,T,3730,T,3278,C,3309,G,3603,T,2280,G,,,1890,T,,,3386,A,3478,T,,,1726,G
,,,,3133,A,,,,,3548,A,2370,T,1895,A,3735,G,3279,T,3376,T,3604,C,2318,T,,,1892,C,,,3388,G,3496,T,,,1749,C
,,,,3135,G,,,,,3586,G,2372,T,1896,A,3938,A,3283,C,3377,G,3726,C,2320,T,,,1893,T,,,3390,T,3507,G,,,1832,T
,,,,3136,T,,,,,3726,C,2376,G,1897,T,,,3309,G,3405,A,3811,C,2321,A,,,1895,A,,,3392,A,3509,A,,,1842,C
,,,,3138,T,,,,,3730,T,2393,C,1898,T,,,3315,A,3420,A,3968,A,2324,A,,,1897,T,,,3394,A,3542,G,,,1844,C
,,,,3145,T,,,,,3735,G,2399,T,1905,G,,,3319,A,3421,T,3976,T,2330,A,,,1898,T,,,3397,A,3666,A,,,1845,T
,,,,3165,T,,,,,3938,A,2400,T,1906,T,,,3322,T,3422,A,,,2334,C,,,1901,C,,,3401,G,3714,T,,,1846,G
,,,,3218,G,,,,,3941,T,2483,G,1907,C,,,3344,T,3423,G,,,2338,A,,,1905,G,,,3402,T,3726,C,,,1855,A
,,,,3241,C,,,,,,,2485,C,1908,G,,,3351,C,3424,C,,,2343,G,,,1906,T,,,3404,A,3730,T,,,1858,A
,,,,3243,T,,,,,,,2487,T,1909,A,,,3352,G,3432,A,,,2347,G,,,1907,C,,,3405,A,3735,G,,,1861,C
,,,,3244,G,,,,,,,2491,T,1910,G,,,3376,T,3442,C,,,2355,A,,,1908,G,,,3407,A,3968,A,,,1870,T
,,,,3245,T,,,,,,,2496,A,1911,G,,,3377,G,3444,A,,,2375,G,,,1909,A,,,3412,A,,,,,1886,T
,,,,3246,A,,,,,,,2499,G,1912,T,,,3432,A,3447,T,,,2393,C,,,1910,G,,,3415,T,,,,,1887,C
,,,,3272,G,,,,,,,2544,A,1913,A,,,3444,A,3476,C,,,2397,T,,,1911,G,,,3428,T,,,,,1888,T
,,,,3276,G,,,,,,,2603,G,1914,A,,,3447,T,3477,A,,,2496,A,,,1912,T,,,3432,A,,,,,1889,C
,,,,3277,T,,,,,,,2611,T,1915,C,,,3476,C,3478,T,,,2499,G,,,1913,A,,,3444,A,,,,,1890,T
,,,,3278,C,,,,,,,2613,T,1916,C,,,3477,A,3496,T,,,2502,T,,,1914,A,,,3447,T,,,,,1892,C
,,,,3279,T,,,,,,,2614,G,1920,A,,,3478,T,3504,G,,,2538,A,,,1915,C,,,3475,T,,,,,1893,T
,,,,3283,C,,,,,,,2615,T,1923,A,,,3548,A,3510,T,,,2544,A,,,1916,C,,,3537,C,,,,,1895,A
,,,,3315,A,,,,,,,2617,A,1946,T,,,3666,A,3511,C,,,2594,A,,,1942,A,,,3542,G,,,,,1897,T
,,,,3319,A,,,,,,,2624,T,2052,C,,,3714,T,3542,G,,,2625,G,,,2144,C,,,3603,T,,,,,1898,T
,,,,3322,T,,,,,,,2625,G,2053,A,,,3726,C,3555,A,,,2652,T,,,2151,C,,,3604,C,,,,,1904,G
,,,,3376,T,,,,,,,2664,C,2054,A,,,3730,T,3596,A,,,2655,T,,,2152,C,,,3644,A,,,,,1905,G
,,,,3377,G,,,,,,,2691,T,2056,T,,,3735,G,3603,T,,,2691,T,,,2233,T,,,3801,T,,,,,1906,T
,,,,3450,T,,,,,,,2693,T,2057,T,,,3891,A,3604,C,,,2693,T,,,2234,T,,,3879,G,,,,,1907,C
,,,,3476,C,,,,,,,2694,A,2058,A,,,3968,A,3608,A,,,2694,A,,,2236,G,,,3938,A,,,,,1908,G
,,,,3477,A,,,,,,,2695,T,2059,A,,,,,3612,C,,,2695,T,,,2241,A,,,,,,,,,1909,A
,,,,3478,T,,,,,,,2704,C,2062,A,,,,,3621,C,,,2724,A,,,2243,T,,,,,,,,,1910,G
,,,,3548,A,,,,,,,2724,A,2063,A,,,,,3644,A,,,2736,A,,,2258,G,,,,,,,,,1911,G
,,,,3586,G,,,,,,,2756,A,2064,C,,,,,3649,T,,,3011,A,,,2266,G,,,,,,,,,1912,T
,,,,3714,T,,,,,,,2771,T,2065,T,,,,,3683,T,,,3063,A,,,2280,G,,,,,,,,,1913,A
,,,,3730,T,,,,,,,2776,A,2066,T,,,,,3695,G,,,3092,C,,,2320,T,,,,,,,,,1914,A
,,,,3908,A,,,,,,,2791,C,2067,C,,,,,3726,C,,,3115,G,,,2321,A,,,,,,,,,1915,C
,,,,3914,G,,,,,,,2797,G,2069,T,,,,,3735,G,,,3120,C,,,2323,T,,,,,,,,,1916,C
,,,,3917,C,,,,,,,3011,A,2070,C,,,,,3891,A,,,3137,A,,,2324,A,,,,,,,,,1918,G
,,,,,,,,,,,,3063,A,2071,C,,,,,3938,A,,,3187,T,,,2325,G,,,,,,,,,1919,C
,,,,,,,,,,,,3131,C,2073,C,,,,,3941,T,,,3192,T,,,2326,A,,,,,,,,,1923,A
,,,,,,,,,,,,3133,A,2075,C,,,,,3968,A,,,3201,C,,,2327,T,,,,,,,,,1944,C
,,,,,,,,,,,,3135,G,2077,T,,,,,,,,,3212,C,,,2328,A,,,,,,,,,1946,T
,,,,,,,,,,,,3136,T,2078,C,,,,,,,,,3222,T,,,2330,A,,,,,,,,,1948,A
,,,,,,,,,,,,3138,T,2079,T,,,,,,,,,3225,A,,,2331,G,,,,,,,,,1994,C
,,,,,,,,,,,,3145,T,2080,A,,,,,,,,,3226,A,,,2332,C,,,,,,,,,2023,G
,,,,,,,,,,,,3165,T,2081,G,,,,,,,,,3234,C,,,2333,A,,,,,,,,,2029,C
,,,,,,,,,,,,3167,C,2100,T,,,,,,,,,3256,C,,,2334,C,,,,,,,,,2030,C
,,,,,,,,,,,,3185,T,2102,T,,,,,,,,,3258,C,,,2336,G,,,,,,,,,2106,A
,,,,,,,,,,,,3197,A,2103,A,,,,,,,,,3259,C,,,2337,A,,,,,,,,,2119,C
,,,,,,,,,,,,3218,G,2105,C,,,,,,,,,3268,C,,,2338,A,,,,,,,,,2144,C
,,,,,,,,,,,,3235,A,2106,A,,,,,,,,,3269,C,,,2341,T,,,,,,,,,2179,C
,,,,,,,,,,,,3241,C,2107,G,,,,,,,,,3285,T,,,2343,G,,,,,,,,,2241,A
,,,,,,,,,,,,3243,T,2112,G,,,,,,,,,3289,T,,,2354,A,,,,,,,,,2243,T
,,,,,,,,,,,,3244,G,2115,G,,,,,,,,,3316,T,,,2355,A,,,,,,,,,2369,C
,,,,,,,,,,,,3272,G,2116,C,,,,,,,,,3370,G,,,2357,C,,,,,,,,,2373,T
,,,,,,,,,,,,3273,A,2119,C,,,,,,,,,3377,G,,,2358,T,,,,,,,,,2375,G
,,,,,,,,,,,,3276,G,2137,A,,,,,,,,,3432,A,,,2362,A,,,,,,,,,2403,C
,,,,,,,,,,,,3277,T,2144,C,,,,,,,,,3475,T,,,2364,T,,,,,,,,,2478,G
,,,,,,,,,,,,3278,C,2151,C,,,,,,,,,3542,G,,,2365,T,,,,,,,,,2500,A
,,,,,,,,,,,,3279,T,2152,C,,,,,,,,,3586,G,,,2367,T,,,,,,,,,2526,C
,,,,,,,,,,,,3283,C,2157,C,,,,,,,,,3726,C,,,2368,A,,,,,,,,,2536,C
,,,,,,,,,,,,3303,A,2163,T,,,,,,,,,3730,T,,,2370,T,,,,,,,,,2548,G
,,,,,,,,,,,,3304,G,2241,A,,,,,,,,,3735,G,,,2393,C,,,,,,,,,2549,G
,,,,,,,,,,,,3306,T,2243,T,,,,,,,,,3879,G,,,2496,A,,,,,,,,,2625,G
,,,,,,,,,,,,3309,G,2258,G,,,,,,,,,3968,A,,,2499,G,,,,,,,,,2637,G
,,,,,,,,,,,,3315,A,2266,G,,,,,,,,,3976,T,,,2502,T,,,,,,,,,2664,C
,,,,,,,,,,,,3319,A,2271,T,,,,,,,,,,,,,2548,G,,,,,,,,,2667,T
,,,,,,,,,,,,3322,T,2280,G,,,,,,,,,,,,,2549,G,,,,,,,,,2706,G
,,,,,,,,,,,,3329,A,2284,T,,,,,,,,,,,,,2566,C,,,,,,,,,2717,T
,,,,,,,,,,,,3334,A,2285,A,,,,,,,,,,,,,2601,A,,,,,,,,,2733,T
,,,,,,,,,,,,3336,A,2369,C,,,,,,,,,,,,,2603,G,,,,,,,,,2735,T
,,,,,,,,,,,,3344,T,2373,T,,,,,,,,,,,,,2756,A,,,,,,,,,2751,T
,,,,,,,,,,,,3348,T,2375,G,,,,,,,,,,,,,2770,G,,,,,,,,,2753,C
,,,,,,,,,,,,3353,T,2393,C,,,,,,,,,,,,,2771,T,,,,,,,,,2756,A
,,,,,,,,,,,,3376,T,2396,C,,,,,,,,,,,,,2776,A,,,,,,,,,2770,G
,,,,,,,,,,,,3377,G,2397,T,,,,,,,,,,,,,2791,C,,,,,,,,,2771,T
,,,,,,,,,,,,3420,A,2499,G,,,,,,,,,,,,,3011,A,,,,,,,,,3011,A
,,,,,,,,,,,,3421,T,2603,G,,,,,,,,,,,,,3063,A,,,,,,,,,3051,T
,,,,,,,,,,,,3422,A,2652,T,,,,,,,,,,,,,3167,C,,,,,,,,,3063,A
,,,,,,,,,,,,3423,G,2704,C,,,,,,,,,,,,,3185,T,,,,,,,,,3131,C
,,,,,,,,,,,,3424,C,2727,T,,,,,,,,,,,,,3212,C,,,,,,,,,3133,A
,,,,,,,,,,,,3432,A,2728,T,,,,,,,,,,,,,3219,T,,,,,,,,,3135,G
,,,,,,,,,,,,3475,T,2916,A,,,,,,,,,,,,,3225,A,,,,,,,,,3136,T
,,,,,,,,,,,,3548,A,3005,T,,,,,,,,,,,,,3226,A,,,,,,,,,3138,T
,,,,,,,,,,,,3644,A,3006,A,,,,,,,,,,,,,3256,C,,,,,,,,,3145,T
,,,,,,,,,,,,3649,T,3092,C,,,,,,,,,,,,,3258,C,,,,,,,,,3150,T
,,,,,,,,,,,,3683,T,3115,G,,,,,,,,,,,,,3259,C,,,,,,,,,3165,T
,,,,,,,,,,,,3707,T,3120,C,,,,,,,,,,,,,3262,C,,,,,,,,,3185,T
,,,,,,,,,,,,3726,C,3167,C,,,,,,,,,,,,,3268,C,,,,,,,,,3212,C
,,,,,,,,,,,,3735,G,3218,G,,,,,,,,,,,,,3269,C,,,,,,,,,3225,A
,,,,,,,,,,,,3811,C,3241,C,,,,,,,,,,,,,3285,T,,,,,,,,,3226,A
,,,,,,,,,,,,3906,A,3243,T,,,,,,,,,,,,,3289,T,,,,,,,,,3246,A
,,,,,,,,,,,,3919,C,3244,G,,,,,,,,,,,,,3306,T,,,,,,,,,3283,C
,,,,,,,,,,,,3922,A,3273,A,,,,,,,,,,,,,3309,G,,,,,,,,,3309,G
,,,,,,,,,,,,3925,T,3276,G,,,,,,,,,,,,,3315,A,,,,,,,,,3325,T
,,,,,,,,,,,,3930,A,3277,T,,,,,,,,,,,,,3319,A,,,,,,,,,3326,C
,,,,,,,,,,,,3932,A,3278,C,,,,,,,,,,,,,3322,T,,,,,,,,,3327,C
,,,,,,,,,,,,3943,A,3279,T,,,,,,,,,,,,,3344,T,,,,,,,,,3328,C
,,,,,,,,,,,,3968,A,3283,C,,,,,,,,,,,,,3352,G,,,,,,,,,3332,A
,,,,,,,,,,,,3988,G,3288,G,,,,,,,,,,,,,3353,T,,,,,,,,,3335,C
,,,,,,,,,,,,,,3315,A,,,,,,,,,,,,,3367,A,,,,,,,,,3338,G
,,,,,,,,,,,,,,3319,A,,,,,,,,,,,,,3376,T,,,,,,,,,3339,A
,,,,,,,,,,,,,,3322,T,,,,,,,,,,,,,3377,G,,,,,,,,,3341,T
,,,,,,,,,,,,,,3329,A,,,,,,,,,,,,,3420,A,,,,,,,,,3346,C
,,,,,,,,,,,,,,3353,T,,,,,,,,,,,,,3421,T,,,,,,,,,3347,G
,,,,,,,,,,,,,,3367,A,,,,,,,,,,,,,3422,A,,,,,,,,,3351,C
,,,,,,,,,,,,,,3376,T,,,,,,,,,,,,,3423,G,,,,,,,,,3376,T
,,,,,,,,,,,,,,3377,G,,,,,,,,,,,,,3432,A,,,,,,,,,3377,G
,,,,,,,,,,,,,,3420,A,,,,,,,,,,,,,3476,C,,,,,,,,,3450,T
,,,,,,,,,,,,,,3421,T,,,,,,,,,,,,,3477,A,,,,,,,,,3475,T
,,,,,,,,,,,,,,3422,A,,,,,,,,,,,,,3478,T,,,,,,,,,3476,C
,,,,,,,,,,,,,,3423,G,,,,,,,,,,,,,3548,A,,,,,,,,,3507,G
,,,,,,,,,,,,,,3450,T,,,,,,,,,,,,,3586,G,,,,,,,,,3509,A
,,,,,,,,,,,,,,3476,C,,,,,,,,,,,,,3598,C,,,,,,,,,3596,A
,,,,,,,,,,,,,,3477,A,,,,,,,,,,,,,3647,T,,,,,,,,,3603,T
,,,,,,,,,,,,,,3478,T,,,,,,,,,,,,,3656,C,,,,,,,,,3604,C
,,,,,,,,,,,,,,3496,T,,,,,,,,,,,,,3657,T,,,,,,,,,3730,T
,,,,,,,,,,,,,,3507,G,,,,,,,,,,,,,3658,T,,,,,,,,,3938,A
,,,,,,,,,,,,,,3509,A,,,,,,,,,,,,,3659,T,,,,,,,,,3941,T
,,,,,,,,,,,,,,3548,A,,,,,,,,,,,,,3660,A,,,,,,,,,,
,,,,,,,,,,,,,,3596,A,,,,,,,,,,,,,3666,A,,,,,,,,,,
,,,,,,,,,,,,,,3726,C,,,,,,,,,,,,,3672,G,,,,,,,,,,
,,,,,,,,,,,,,,3730,T,,,,,,,,,,,,,3673,T,,,,,,,,,,
,,,,,,,,,,,,,,3735,G,,,,,,,,,,,,,3675,T,,,,,,,,,,
,,,,,,,,,,,,,,3938,A,,,,,,,,,,,,,3676,T,,,,,,,,,,
,,,,,,,,,,,,,,3941,T,,,,,,,,,,,,,3678,C,,,,,,,,,,
,,,,,,,,,,,,,,,,,,,,,,,,,,,,3679,T,,,,,,,,,,
,,,,,,,,,,,,,,,,,,,,,,,,,,,,3680,G,,,,,,,,,,
,,,,,,,,,,,,,,,,,,,,,,,,,,,,3682,A,,,,,,,,,,
,,,,,,,,,,,,,,,,,,,,,,,,,,,,3714,T,,,,,,,,,,
,,,,,,,,,,,,,,,,,,,,,,,,,,,,3720,C,,,,,,,,,,
,,,,,,,,,,,,,,,,,,,,,,,,,,,,3721,G,,,,,,,,,,
,,,,,,,,,,,,,,,,,,,,,,,,,,,,3722,C,,,,,,,,,,
,,,,,,,,,,,,,,,,,,,,,,,,,,,,3726,C,,,,,,,,,,
,,,,,,,,,,,,,,,,,,,,,,,,,,,,3730,T,,,,,,,,,,
,,,,,,,,,,,,,,,,,,,,,,,,,,,,3735,G,,,,,,,,,,
,,,,,,,,,,,,,,,,,,,,,,,,,,,,3750,G,,,,,,,,,,
,,,,,,,,,,,,,,,,,,,,,,,,,,,,3751,G,,,,,,,,,,
,,,,,,,,,,,,,,,,,,,,,,,,,,,,3752,T,,,,,,,,,,
,,,,,,,,,,,,,,,,,,,,,,,,,,,,3908,A,,,,,,,,,,
,,,,,,,,,,,,,,,,,,,,,,,,,,,,3914,G,,,,,,,,,,
